no	status	match	flags	year	type	first_author	journal	doi	title	decision (BA and ÖZG)
1	new		lean+drug+rct	2025	JOUR	Karakasis, P	METABOLISM-CLINICAL AND EXPERIMENTAL	10.1016/j.metabol.2024.156113	Effect of glucagon-like peptide-1 receptor agonists and co-agonists on body composition: Systematic review and network meta-analysis	exclude: review/editorial/opinion
2	new		dxa+lean+drug+rct	2026	JOUR	Santic, R	METABOLITES	10.3390/metabo16060364	Lean Mass and Musculoskeletal Preservation in GLP-1-Based Obesity Treatment: Nutrition, Exercise, Supplementation, and Monitoring Strategies	exclude: non-pharmacological/diet-exercise study or acute physiology (no randomized incretin comparison with DXA)
3	new		dxa+lean+rct	2026	JOUR	McMath, A	OBESITY REVIEWS	10.1111/obr.70041	Understanding Impact of Anti-Obesity Medications on Skeletal Muscle Mass Change Is Confounded by Measurement Methods	exclude: review/editorial/opinion
4	new		dxa+lean+drug+rct	2026	JOUR	Arslan, S	CLINICAL NUTRITION ESPEN	10.1016/j.clnesp.2026.103305	Medical nutrition in the glucagon-like peptide-1 (GLP-1) era: Protein strategies, micronutrient monitoring, and lean mass preservation	exclude: non-pharmacological/diet-exercise study or acute physiology (no randomized incretin comparison with DXA)
5	new		lean+drug+rct	2024	JOUR	Locatelli, JC	DIABETES CARE	10.2337/dci23-0100	Incretin-Based Weight Loss Pharmacotherapy: Can Resistance Exercise Optimize Changes in Body Composition?	exclude: review/editorial/opinion
6	dup-March	doi	lean+drug+rct	2023	JOUR	Silver, HJ	DIABETES OBESITY & METABOLISM	10.1111/dom.15113	Effect of the glucagon-like peptide-1 receptor agonist liraglutide, compared to caloric restriction, on appetite, dietary intake, body fat distribution and cardiometabolic biomarkers: A randomized trial in adults with obesity and prediabetes	duplicate (March set)
7	dup-March	doi	dxa+lean+drug+rct	2026	JOUR	de Pineres, VG	DIABETES RESEARCH AND CLINICAL PRACTICE	10.1016/j.diabres.2026.113113	Effects of liraglutide treatment for 35-days on total and regional fat free, lean, and bone mass, and on the Myostatin-Activin-Follistatin-IGF-1 axes: a secondary analysis of a randomized placebo-controlled crossover study	duplicate (March set)
8	dup-Sept	title	dxa+lean+drug+rct	2026	JOUR	Eisa, N	DIABETES OBESITY & METABOLISM	10.1111/dom.70666	Lean Mass Changes With Incretin Therapy Versus Lifestyle Intervention: A Systematic Review and Meta-Analysis of Randomised Controlled Trials	duplicate (Sept set)
9	dup-Sept	title	lean+drug+rct	2026	JOUR	Wachiraphansakul, N	DIABETES OBESITY & METABOLISM	10.1111/dom.70884	Comparative Effects of Individual Glucagon-Like Peptide-1 Receptor Agonist-Based Medications on Direct Measurement of Body Composition Among Adults With Overweight or Obesity With or Without Type 2 Diabetes: A Systematic Review and Network Meta-Analysis of Randomised Controlled Trials	duplicate (Sept set)
10	dup-March	doi	lean+drug+rct	2004	JOUR	Harder, H	DIABETES CARE	10.2337/diacare.27.8.1915	The effect of liraglutide, a long-acting glucagon-like peptide 1 derivative, on glycemic control, body composition, and 24-h energy expenditure in patients with type 2 diabetes	duplicate (March set)
11	dup-March	doi	drug+rct	2020	JOUR	Kadouh, H	JOURNAL OF CLINICAL ENDOCRINOLOGY & METABOLISM	10.1210/clinem/dgz140	GLP-1 Analog Modulates Appetite, Taste Preference, Gut Hormones, and Regional Body Fat Stores in Adults with Obesity	duplicate (March set)
12	new		lean+drug+rct	2025	JOUR	Drucker, DJ	NATURE REVIEWS DRUG DISCOVERY	10.1038/s41573-025-01183-8	GLP-1-based therapies for diabetes, obesity and beyond	exclude: review/editorial/opinion
13	dup-March	doi	dxa+lean+drug+rct	2024	JOUR	Cirnigliaro, CM	JOURNAL OF SPINAL CORD MEDICINE	10.1080/10790268.2023.2207064	Preliminary observations on the administration of a glucagon-like peptide-1 receptor agonist on body weight and select carbohydrate endpoints in persons with spinal cord injury: A controlled case series	duplicate (March set)
14	dup-March	doi	lean+drug+rct	2025	JOUR	Jiao, RY	DIABETES OBESITY & METABOLISM	10.1111/dom.16012	Characterizing body composition modifying effects of a glucagon-like peptide 1 receptor-based agonist: A meta-analysis	duplicate (March set)
15	new		lean+drug+rct	2026	JOUR	Lee, HM	INTERNATIONAL JOURNAL OF OBESITY	10.1038/s41366-026-02161-9	Vutiglabridin overcomes the GLP-1 RA-associated weight-loss plateau to achieve normal body weight	exclude: unapproved or non-incretin agent
16	new		lean+drug+rct	2025	JOUR	Chrysavgis, L	INTERNATIONAL JOURNAL OF MOLECULAR SCIENCES	10.3390/ijms262412130	The Influence of Glucagon-like Peptide-1 Receptor Agonists and Other Incretin Hormone Agonists on Body Composition	exclude: narrative review
17	new		lean+drug+rct	2025	JOUR	Wen, J	JOURNAL OF DIABETES	10.1111/1753-0407.70119	The Potential of SARMs and Antimyostatin Agents in Addressing Lean Body Mass Loss From GLP-1 Agonists: A Literature Review	exclude: review/editorial/opinion
18	new		lean+drug+rct	2026	JOUR	Rahman, E	TOXICON	10.1016/j.toxicon.2025.108638	Computational modelling the impact of GLP-1 receptor agonists on botulinum toxin A: Evidence for reduced treatment durability across neurologic and aesthetic indications	exclude: review/editorial/opinion
19	dup-March	doi	drug+rct	2021	JOUR	Roth, CL	DIABETES OBESITY & METABOLISM	10.1111/dom.14224	A phase 3 randomized clinical trial using a once-weekly glucagon-like peptide-1 receptor agonist in adolescents and young adults with hypothalamic obesity	duplicate (March set)
20	new		lean+drug+rct	2026	JOUR	Prokopidis, K	BRITISH JOURNAL OF PHARMACOLOGY	10.1111/bph.70355	Glucagon-like peptide-1 receptor agonists and muscle strength changes in older adults: Risks beyond muscle mass reductions	exclude: review/editorial/opinion
21	new		lean+drug+rct	2025	JOUR	Sardà, H	MEDICINA CLINICA	10.1016/j.medcli.2025.106951	GLP-1 receptor agonists in obesity treatment: Effects on cardiometabolic variables and cardiovascular disease	exclude: narrative review
22	dup-Sept	title	lean+drug+rct	2026	JOUR	Rakhsha, SS	DIABETES OBESITY & METABOLISM	10.1111/dom.70957	Comparative Effects of Antidiabetic Drugs on Body Composition: A Systematic Review and Network Meta-Analysis	duplicate (Sept set)
23	new		lean+drug+rct	2026	JOUR	Savas, M	LANCET DIABETES & ENDOCRINOLOGY	10.1016/S2213-8587(26)00100-2	Beyond weight loss: multisystem benefits of obesity medications	exclude: review/editorial/opinion
24	dup-March	doi	dxa+lean+drug+rct	2023	JOUR	Halkjær, SI	NUTRITION METABOLISM AND CARDIOVASCULAR DISEASES	10.1016/j.numecd.2023.07.030	No effect of multi-strain probiotic supplementation on metabolic and inflammatory markers and newborn body composition in pregnant women with obesity: Results from a randomized, double- blind placebo-controlled study	duplicate (March set)
25	new		lean+drug+rct	2025	JOUR	Moiz, A	ANNALS OF INTERNAL MEDICINE	10.7326/ANNALS-24-01590	Efficacy and Safety of Glucagon-Like Peptide-1 Receptor Agonists for Weight Loss Among Adults Without Diabetes: A Systematic Review of Randomized Controlled Trials	exclude: review/editorial/opinion
26	new		lean+drug+rct	2026	JOUR	Minnetti, M	OBESITY FACTS	10.1159/000548370	The Integration of Lifestyle Modification Advice and Diet and Physical Exercise Interventions: Cornerstones in the Management of Obesity with Incretin Mimetics	exclude: review/editorial/opinion
27	new		dxa+drug+rct	2019	JOUR	Castillo, MCM	SCIENTIFIC REPORTS	10.1038/s41598-019-50117-z	Glucagon-like peptide 1 and Glucagon-like peptide 2 in relation to osteoporosis in non-diabetic postmenopausal women	exclude: population/indication outside scope or post-surgical
28	dup-March	doi	dxa+lean+drug+rct	2025	JOUR	Look, M	DIABETES OBESITY & METABOLISM	10.1111/dom.16275	Body composition changes during weight reduction with tirzepatide in the SURMOUNT-1 study of adults with obesity or overweight	duplicate (March set)
29	dup-March	doi	dxa+lean+drug+rct	2016	JOUR	Hoelmkjaer, KM	PLOS ONE	10.1371/journal.pone.0154727	A Placebo-Controlled Study on the Effects of the Glucagon-Like Peptide-1 Mimetic, Exenatide, on Insulin Secretion, Body Composition and Adipokines in Obese, Client-Owned Cats	duplicate (March set)
30	dup-March	doi	lean+drug+rct	2023	JOUR	Yabe, D	DIABETES OBESITY & METABOLISM	10.1111/dom.14882	Change in pharmacodynamic variables following once-weekly tirzepatide treatment versus dulaglutide in Japanese patients with type 2 diabetes (SURPASS J-mono substudy)	duplicate (March set)
31	dup-March	doi	dxa+lean+drug	2019	JOUR	Zhao, L	JOURNAL OF ENDOCRINOLOGY	10.1530/JOE-18-0374	The key role of a glucagon-like peptide-1 receptor agonist in body fat redistribution	duplicate (March set)
32	new		lean+drug+rct	2025	JOUR	Melson, E	INTERNATIONAL JOURNAL OF OBESITY	10.1038/s41366-024-01473-y	What is the pipeline for future medications for obesity?	exclude: review/editorial/opinion
33	new		lean+drug+rct	2024	JOUR	Zizka, O	DRUGS & AGING	10.1007/s40266-024-01150-9	Pharmacological Treatment of Obesity in Older Adults	exclude: review/editorial/opinion
34	new		lean+drug+rct	2025	JOUR	Zaitoon, H	CHILDREN-BASEL	10.3390/children12111427	Beyond Weight Loss: Optimizing GLP-1 Receptor Agonist Use in Children	exclude: review/editorial/opinion
35	new		lean+drug+rct	2026	JOUR	Helal, MM	AMYOTROPHIC LATERAL SCLEROSIS AND FRONTOTEMPORAL DEGENERATION	10.1080/21678421.2026.2627901	Targeting metabolic dysfunction in amyotrophic lateral sclerosis: therapeutic potential of GLP-1 receptor agonists	exclude: review/editorial/opinion
36	new		lean+drug+rct	2026	JOUR	Arora, G	JOURNAL OF CLINICAL MEDICINE	10.3390/jcm15020541	Pharmacologic Treatments for the Preservation of Lean Body Mass During Weight Loss	exclude: narrative review
37	new		dxa+drug+rct	2022	JOUR	Johansen, NJ	DIABETES OBESITY & METABOLISM	10.1111/dom.14568	Effects of short-acting exenatide added three times daily to insulin therapy on bone metabolism in type 1 diabetes	exclude: population/indication outside scope or post-surgical
38	dup-March	doi	dxa+lean+drug+rct	2025	JOUR	Chigutsa, E	CLINICAL PHARMACOLOGY & THERAPEUTICS	10.1002/cpt.3750	A Pharmacometric Method for Quantitative Determination of Improvement in Body Composition and Characterization of the Exposure-Response Relationship during Treatment of Obesity with Tirzepatide	duplicate (March set)
39	dup-Sept	title	lean+drug+rct	2026	JOUR	Mollero, ELM	NUTRIENTS	10.3390/nu18162654	Beyond Weight Loss: Skeletal Muscle Health During Incretin-Based Therapy in Patients with Diabesity	duplicate (Sept set)
40	new		dxa+drug+rct	2023	JOUR	Akyay, OZ	MEDICINE	10.1097/MD.0000000000035394	The effects of exenatide and insulin glargine treatments on bone turnover markers and bone mineral density in postmenopausal patients with type 2 diabetes mellitus	exclude: population/indication outside scope or post-surgical
41	new		lean+drug+rct	2025	JOUR	Lu, JY	EUROPEAN JOURNAL OF PHARMACOLOGY	10.1016/j.ejphar.2025.177885	The effects of GLP-1 receptor agonists on body composition in patients with type 2 diabetes, overweight or obesity: A meta-analysis of randomized controlled trials	exclude: meta-analysis (Embase to Oct 2024; cross-check source)
42	new		lean+drug+rct	2026	JOUR	Lisco, G	REVIEWS IN ENDOCRINE & METABOLIC DISORDERS	10.1007/s11154-026-10033-w	Targeting the activin/myostatin - actrii pathway to preserve skeletal muscle mass in obesity: mechanistic insights and therapeutic perspectives	exclude: review/editorial/opinion
43	new		lean+drug+rct	2025	JOUR	Tuccinardi, D	JOURNAL OF ENDOCRINOLOGICAL INVESTIGATION	10.1007/s40618-025-02700-7	Precision obesity medicine: A phenotype-guided framework for pharmacologic therapy across the lifespan	exclude: review/editorial/opinion
44	new		lean+drug+rct	2025	JOUR	Argyrakopoulou, G	INTERNATIONAL JOURNAL OF OBESITY	10.1038/s41366-024-01533-3	The effect of obesity pharmacotherapy on body composition, including muscle mass	exclude: review/editorial/opinion
45	new		lean+drug+rct	2026	JOUR	Galasso, M	CURRENT OBESITY REPORTS	10.1007/s13679-025-00681-5	Pharmacological Management of Diabesity: Current and Emerging Therapies	exclude: review/editorial/opinion
46	new		lean+drug+rct	2025	JOUR	Miousse, IR	AMERICAN JOURNAL OF PHYSIOLOGY-CELL PHYSIOLOGY	10.1152/ajpcell.00245.2025	GLP-1 receptor agonists in the context of cancer: the road ahead	exclude: review/editorial/opinion
47	dup-March	doi	dxa+lean+drug+rct	2020	JOUR	Johansen, NJ	DIABETES OBESITY & METABOLISM	10.1111/dom.14078	Effect of short-acting exenatide administered three times daily on markers of cardiovascular disease in type 1 diabetes: A randomized double-blind placebo-controlled trial	duplicate (March set)
48	dup-March	doi	dxa+lean+drug+rct	2007	JOUR	Raun, K	DIABETES	10.2337/db06-0565	Liraglutide, a long-acting glucagon-like peptide-1 analog, reduces body weight and food intake in obese candy-fed rats, whereas a dipeptidyl peptidase-IV inhibitor, vildagliptin, does not	duplicate (March set)
49	new		lean+drug+rct	2026	JOUR	Hierholzer, J	BIOCHIMICA ET BIOPHYSICA ACTA-MOLECULAR BASIS OF DISEASE	10.1016/j.bbadis.2026.168172	Mitigating loss of lean muscle in GLP-1 and dual GLP-1/GIP agonists: Pipeline opportunities and limitations	exclude: review/editorial/opinion
50	dup-Sept	title	lean+drug+rct	2026	JOUR	Heerspink, HJL	CLINICAL JOURNAL OF THE AMERICAN SOCIETY OF NEPHROLOGY	10.2215/CJN.0000001051	Effects of Semaglutide on Body Composition and GFR A Prespecified Analysis of the SMART Trial	duplicate (Sept set)
51	dup-Sept	title	lean+drug+rct	2026	JOUR	Bijoch, J	JOURNAL OF CLINICAL MEDICINE	10.3390/jcm15156026	Anti-Obesity Medications in Longevity and Aesthetic Medicine	duplicate (Sept set)
52	dup-March	doi	lean+drug+rct	2017	JOUR	Blundell, J	DIABETES OBESITY & METABOLISM	10.1111/dom.12932	Effects of once-weekly semaglutide on appetite, energy intake, control of eating, food preference and body weight in subjects with obesity	duplicate (March set)
53	new		lean+drug+rct	2025	JOUR	Karacabeyli, D	CURRENT TREATMENT OPTIONS IN RHEUMATOLOGY	10.1007/s40674-025-00232-y	Effects of Weight-lowering Medications in People With Obesity and Rheumatic Diseases	exclude: review; rheumatic diseases
54	new		lean+drug+rct	2026	JOUR	Moscucci, F	NUTRIENTS	10.3390/nu18040632	A Narrative Review on GLP-1 Receptor Agonists for Obesity in Older Women: Maximizing Weight Loss While Preserving Lean Mass	exclude: review/editorial/opinion
55	new		lean+drug+rct	2025	JOUR	Chen, WJ	CLINICAL NUTRITION	10.1016/j.clnu.2025.10.006	Glucagon-like peptide-1 receptor agonists and sarcopenia-related markers in diabetes: A systematic review and meta-analysis	exclude: review/editorial/opinion
56	new		lean+drug+rct	2026	JOUR	Feraco, A	CURRENT OBESITY REPORTS	10.1007/s13679-026-00695-7	Obesity medications and precision nutrition: synergistic interventions and integrated approach in obesity management	exclude: review/editorial/opinion
57	dup-Sept	title	lean+rct	2026	JOUR	Jobanputra, R	DIABETES-METABOLISM RESEARCH AND REVIEWS	10.1002/dmrr.70194	The Effects of Glucagon-Like Peptide-1 Receptor Agonists and Sodium-Glucose Co-Transporter-2 Inhibitors on Lean Body Mass in Humans: A Systematic Review and Meta-Analysis of Randomised Controlled Trials	duplicate (Sept set)
58	new		lean+drug+rct	2025	JOUR	Sattar, N	DIABETES OBESITY & METABOLISM	10.1111/dom.16549	Tirzepatide and cardiometabolic parameters in obesity: Summary of current evidence	exclude: review/editorial/opinion
59	dup-March	doi	dxa+lean+drug+rct	2020	JOUR	Ghanim, H	DIABETES OBESITY & METABOLISM	10.1111/dom.14090	Liraglutide treatment in overweight and obese patients with type 1 diabetes: A 26-week randomized controlled trial; mechanisms of weight loss	duplicate (March set)
60	dup-March	doi	dxa+lean+drug+rct	2026	JOUR	de Piñeres, VG	DIABETES OBESITY & METABOLISM	10.1111/dom.70313	Effects of liraglutide treatment for 18 days on metabolic parameters, regional body composition and the myostatin-activin-follistatin-IGF-1 axis: Results from an exploratory, randomized, placebo-controlled, crossover study	duplicate (March set)
61	dup-March	doi	drug+rct	2023	JOUR	Lengsfeld, S	TRIALS	10.1186/s13063-023-07164-9	Glucagon-like peptide-1 analogues: a new way to quit smoking? (SKIP)-a structured summary of a study protocol for a randomized controlled study	duplicate (March set)
62	new		lean+drug+rct	2024	JOUR	Bikou, A	EXPERT OPINION ON PHARMACOTHERAPY	10.1080/14656566.2024.2343092	A systematic review of the effect of semaglutide on lean mass: insights from clinical trials	exclude: review/editorial/opinion
63	new		lean+drug+rct	2026	JOUR	Jensen, SBK	SPORTS MEDICINE	10.1007/s40279-025-02386-0	Physical Fitness with Exercise and GLP-1 Receptor Agonist Treatment Alone or Combined After Diet-Induced Weight Loss: A Secondary Analysis of a Randomized Controlled Trial in Adults with Obesity	exclude: S-LiTE secondary analysis (fitness)
64	dup-Sept	fuzzy	dxa+lean+drug+rct	2026	JOUR	Batsis, JA	ANNALS OF INTERNAL MEDICINE	10.7326/ANNALS-25-00478	Effect of Incretin-Based and Nonpharmacologic Weight Loss on Body Composition A Systematic Review	duplicate (Sept set)
65	new		lean+drug+rct	2025	JOUR	Khawaji, A	JOURNAL OF OBESITY	10.1155/jobe/3442754	Weight Loss Efficacy of Tirzepatide Compared to Placebo or GLP-1 Receptor Agonists in Adults With Obesity or Overweight: A Meta-Analysis of Randomized Controlled Trials With ≥ 20 Weeks Treatment Duration	exclude: meta-analysis (weight loss)
66	new		lean+drug+rct	2023	JOUR	Heinla, K	DIABETES THERAPY	10.1007/s13300-023-01381-w	GLP-1 Receptor Agonists Induce Growth Hormone Secretion in Healthy Volunteers	exclude: healthy volunteers; GH secretion
67	dup-March	doi	drug	2009	JOUR	Parnell, JA	AMERICAN JOURNAL OF CLINICAL NUTRITION	10.3945/ajcn.2009.27465	Weight loss during oligofructose supplementation is associated with decreased ghrelin and increased peptide YY in overweight and obese adults	duplicate (March set)
68	new		dxa+drug+rct	2021	JOUR	Cai, TT	BIOMED RESEARCH INTERNATIONAL	10.1155/2021/3361309	Effects of GLP-1 Receptor Agonists on Bone Mineral Density in Patients with Type 2 Diabetes Mellitus: A 52-Week Clinical Study	exclude: bone outcomes only
69	new		lean+drug+rct	2026	JOUR	Lempesis, IG	METABOLISM OPEN	10.1016/j.metop.2026.100463	Obesity pharmacotherapy reimagined: The era of multi-receptor agonists and next-generation metabolic modulators, perspectives and controversies	exclude: review/editorial/opinion
70	new		lean+drug+rct	2022	JOUR	Bando, S	ENDOCRINE JOURNAL	10.1507/endocrj.EJ21-0696	Effects of luseogliflozin on the secretion of islet hormones and incretins in patients with type 2 diabetes	exclude: preclinical
71	new		lean+rct	2020	JOUR	Johannsson, G	JOURNAL OF CLINICAL ENDOCRINOLOGY & METABOLISM	10.1210/clinem/dgaa049	Once-weekly Somapacitan is Effective and Well Tolerated in Adults with GH Deficiency: A Randomized Phase 3 Trial	exclude: no incretin-based drug intervention
72	new		lean+drug	2026	JOUR	Sawicka-Gutaj, N	INTERNATIONAL JOURNAL OF OBESITY	10.1038/s41366-026-02088-1	GLP-1 agonists and changes in body mass and composition in adults with overweight or obesity with or without type 2 diabetes mellitus: a systematic review and meta-analysis	exclude: review/editorial/opinion
73	dup-March	doi	dxa+lean+drug	2001	JOUR	Larsen, PJ	DIABETES	10.2337/diabetes.50.11.2530	Systemic administration of the long-acting GLP-1 derivative NN2211 induces lasting and reversible weight loss in both normal and obese rats	duplicate (March set)
74	new		lean+drug+rct	2025	JOUR	Kuhre, RE	EBIOMEDICINE	10.1016/j.ebiom.2025.105862	The effect of amycretin, a unimolecular glucagon-like peptide-1 and amylin receptor agonist, on body weight and metabolic dysfunction in mice and rats	exclude: preclinical
75	dup-March	doi	lean+drug+rct	2024	JOUR	Golubic, R	DIABETES OBESITY & METABOLISM	10.1111/dom.15579	Dual glucagon-like peptide-1 and glucagon receptor agonism reduces energy intake in type 2 diabetes with obesity	duplicate (March set)
76	new		lean+drug+rct	2026	JOUR	Haidar, L	CURRENT OPINION IN HIV AND AIDS	10.1097/COH.0000000000001059	Glucagon-like peptide-1 receptor agonists in the aging population of people with HIV: emerging evidence and clinical implications	exclude: review/editorial/opinion
77	new		lean+drug+rct	2026	JOUR	Ramadurgum, P	CURRENT CARDIOLOGY REPORTS	10.1007/s11886-026-02356-6	GLP-1 Receptor Agonists and Cardiovascular and Kidney Outcomes by Body Mass Index in Type 2 Diabetes	exclude: cardiovascular outcomes post hoc; no body composition
78	dup-March	doi	dxa+lean+drug+rct	2024	JOUR	Cortes, TM	JMIR RESEARCH PROTOCOLS	10.2196/62667	Effect of Semaglutide on Physical Function, Body Composition, and Biomarkers of Aging in Older Adults With Overweight and Insulin Resistance: Protocol for an Open-Labeled Randomized Controlled Trial	duplicate (March set)
79	new		lean+drug+rct	2026	JOUR	de Paulo, RS	DIABETES OBESITY & METABOLISM	10.1111/dom.70779	Dietary Strategies and Nutritional Management in Patients Receiving GLP-1 and Dual GIP/GLP-1 Receptor Agonists as Adjuncts to Lifestyle Interventions: A Systematic Review of Randomised Clinical Trials	exclude: review/editorial/opinion
80	dup-March	doi	drug+rct	2021	JOUR	Elkind-Hirsch, KE	JOURNAL OF CLINICAL ENDOCRINOLOGY & METABOLISM	10.1210/clinem/dgab408	Exenatide, Dapagliflozin, or Phentermine/Topiramate Differentially Affect Metabolic Profiles in Polycystic Ovary Syndrome	duplicate (March set)
81	dup-March	doi	dxa+lean+rct	2025	JOUR	Chadalavada, A	FOOD & NUTRITION RESEARCH	10.29219/fnr.v69.12159	A thermogenic botanical composition containing Citrus aurantifolia fruit rind and Theobroma cacao seed extracts improves body composition in overweight adults: a clinical investigation	duplicate (March set)
82	new		drug+rct	2026	JOUR	Corley, MJ	NATURE COMMUNICATIONS	10.1038/s41467-026-72861-3	Semaglutide slows epigenetic aging in a randomized trial of HIV-associated lipohypertrophy	exclude: HIV lipohypertrophy population
83	new		lean+drug+rct	2025	JOUR	Dias, DD	OBESITIES	10.3390/obesities5040088	Nutritional Approaches to Enhance GLP-1 Analogue Therapy in Obesity: A Narrative Review	exclude: review/editorial/opinion
84	new		lean+drug+rct	2025	JOUR	Sokary, S	CLINICAL NUTRITION ESPEN	10.1016/j.clnesp.2025.03.010	Exploring beyond numeric weight loss: The metabolic effects of semaglutide	exclude: review/editorial/opinion
85	dup-March	doi	lean+drug+rct	2020	JOUR	Jensen, C	NUTRIENTS	10.3390/nu12071991	Supplementation with Low Doses of a Cod Protein Hydrolysate on Glucose Regulation and Lipid Metabolism in Adults with Metabolic Syndrome: A Randomized, Double-Blind Study	duplicate (March set)
86	new		lean+drug+rct	2025	JOUR	Old, VJ	JOURNAL OF CACHEXIA SARCOPENIA AND MUSCLE	10.1002/jcsm.13677	The Effects of Glucagon-Like Peptide-1 Receptor Agonists on Mitochondrial Function Within Skeletal Muscle: A Systematic Review	exclude: review/editorial/opinion
87	new		lean	2021	JOUR	Ida, S	CURRENT DIABETES REVIEWS	10.2174/1573399816666200705210006	Effects of Antidiabetic Drugs on Muscle Mass in Type 2 Diabetes Mellitus	exclude: no incretin-based drug intervention
88	new		lean+drug+rct	2025	JOUR	Wang, YY	DIABETOLOGY & METABOLIC SYNDROME	10.1186/s13098-025-01877-4	Dionysus or apollo, skeletal muscle mass changes in type 2 diabetes with sarcopenia receiving GLP-1 receptor agonist: systematic review and meta-analysis	exclude: review/editorial/opinion
89	new		lean+drug	2015	JOUR	Mansour, A	NUTRITION	10.1016/j.nut.2014.05.014	Effect of glutamine supplementation on cardiovascular risk factors in patients with type 2 diabetes	exclude: non-pharmacological/diet-exercise study or acute physiology (no randomized incretin comparison with DXA)
90	new		lean+drug+rct	2026	JOUR	Aimelet, V	DIABETES OBESITY & METABOLISM	10.1111/dom.70229	Pharmacological intervention: Challenges and promising outcomes for fat loss and preservation of lean body mass in the treatment of overweight and type 2 diabetes	exclude: review/editorial/opinion
91	new		lean+drug+rct	2026	JOUR	Ciarloni, A	BIOMEDICINES	10.3390/biomedicines14040778	Management of Obese Patients with Cardiovascular Disease with Emerging Weight-Lowering Drugs: A Narrative Review	exclude: review/editorial/opinion
92	new		lean+drug+rct	2024	JOUR	Sorum, ME	BMJ OPEN	10.1136/bmjopen-2024-089862	Semaglutide treatment for PRevention Of Toxicity in high-dosE Chemotherapy with autologous haematopoietic stem-cell Transplantation (PROTECT): study protocol for a randomised, double-blind, placebo-controlled, investigator-initiated study	exclude: stem-cell transplantation population
93	new		lean+drug+rct	2019	JOUR	Ren, LW	FRONTIERS IN PHYSIOLOGY	10.3389/fphys.2019.00930	Novel GLP-1 Analog Supaglutide Stimulates Insulin Secretion in Mouse and Human Islet Beta-Cells and Improves Glucose Homeostasis in Diabetic Mice	exclude: preclinical
94	new		drug+rct	2018	JOUR	Basolo, A	METABOLISM-CLINICAL AND EXPERIMENTAL	10.1016/j.metabol.2018.03.017	Exenatide has a pronounced effect on energy intake but not energy expenditure in non-diabetic subjects with obesity: A randomized, double-blind, placebo-controlled trial	exclude: energy intake mechanistic study (exenatide)
95	dup-March	doi	lean+drug+rct	2025	JOUR	Youovop, J	MEDICINA-LITHUANIA	10.3390/medicina62010041	Effects of Dichrostachys glomerata and Cissus quadrangularis Extracts on GLP-1 Secretion and DPP-4 Activity in Overweight and Obese Individuals: A Randomized Controlled Trial	duplicate (March set)
96	new		lean+drug+rct	2026	JOUR	Beniwal-Patel, P	INFLAMMATORY BOWEL DISEASES	10.1093/ibd/izag151	The role of glucagon-like peptide 1 receptor agonists in the management of patients with inflammatory bowel diseases	exclude: review/editorial/opinion
97	new		lean+drug+rct	2026	JOUR	Brix, JM	WIENER KLINISCHE WOCHENSCHRIFT	10.1007/s00508-026-02706-y	Obesity and type 2 diabetes mellitus (Update 2026)	exclude: review/editorial/opinion
98	new		drug+rct	2014	JOUR	Bray, GA	BEST PRACTICE & RESEARCH CLINICAL GASTROENTEROLOGY	10.1016/j.bpg.2014.07.015	Medical treatment of obesity: The past, the present and the future	exclude: review/editorial/opinion
99	dup-March	doi	lean+drug+rct	2025	JOUR	Molina-Castro, M	FRONTIERS IN PHARMACOLOGY	10.3389/fphar.2025.1575156	Glucagon-like peptide-1, fibroblast growth factor 21, and other endocrine responses to alcohol ingestion in women before and after metabolic surgery	duplicate (March set)
100	new		lean+drug+rct	2024	JOUR	Abdul-Ghani, M	LANCET DIABETES & ENDOCRINOLOGY	10.1016/S2213-8587(24)00127-X	Managing insulin resistance: the forgotten pathophysiological component of type 2 diabetes	exclude: review/editorial/opinion
101	dup-March	doi	lean+drug	2021	JOUR	Perez, FA	DIABETES OBESITY & METABOLISM	10.1111/dom.14366	MRI measures of hypothalamic injury are associated with glucagon-like peptide-1 receptor agonist treatment response in people with hypothalamic obesity	duplicate (March set)
102	new		lean+drug	2016	JOUR	Nobile, V	FOOD & NUTRITION RESEARCH	10.3402/fnr.v60.29857	Supplementation with a fish protein hydrolysate (Micromesistius poutassou): effects on body weight, body composition, and CCK/GLP-1 secretion	exclude: non-pharmacological/diet-exercise study or acute physiology (no randomized incretin comparison with DXA)
103	new		lean+drug+rct	2026	JOUR	Lee, J	CURRENT OBESITY REPORTS	10.1007/s13679-026-00709-4	Metabolic Flux Adaptations During GLP-1 Receptor Agonist Therapy: Redox Implications	exclude: review/editorial/opinion
104	new		dxa+lean+rct	2025	JOUR	Beavers, KM	OBESITY	10.1002/oby.24172	GLP1Ra-based therapies and DXA-acquired musculoskeletal health outcomes: a focused meta-analysis of placebo-controlled trials	exclude: meta-analysis (used as cross-check source)
105	new		lean+drug+rct	2024	JOUR	Molina-Castro, M	ADDICTION BIOLOGY	10.1111/adb.13441	The glucagon-like peptide-1 and other endocrine responses to alcohol ingestion in women with versus without metabolic surgery	exclude: population/indication outside scope or post-surgical
106	new		lean+drug+rct	2024	JOUR	Forst, T	DIABETES OBESITY & METABOLISM	10.1111/dom.15796	The role of incretin receptor agonists in the treatment of obesity	exclude: review/editorial/opinion
107	dup-March	doi	dxa+lean+drug+rct	2020	JOUR	McCrimmon, RJ	DIABETOLOGIA	10.1007/s00125-019-05065-8	Effects of once-weekly semaglutide vs once-daily canagliflozin on body composition in type 2 diabetes: a substudy of the SUSTAIN 8 randomised controlled clinical trial	duplicate (March set)
108	dup-March	doi	lean	2018	JOUR	Yang, Q	MEDICINE	10.1097/MD.0000000000009943	"""Living High-Training Low"" improved weight loss and glucagon-like peptide-1 level in a 4-week weight loss program in adolescents with obesity A pilot study"	duplicate (March set)
109	new		lean+drug+rct	2026	JOUR	Kunutsor, SK	DRUGS	10.1007/s40265-025-02263-0	Safety and Tolerability of Glucagon-Like Peptide-1 Receptor Agonists: A State-of-the-Art Narrative Review	exclude: review/editorial/opinion
110	new		drug	2021	JOUR	Sklyanik, IA	TERAPEVTICHESKII ARKHIV	10.26442/00403660.2021.10.201070	Prognostic factors for the carbohydrate metabolism normalization in patients with type 2 diabetes mellitus and obesity using liraglutide 3.0 mg per day	exclude: non-pharmacological/diet-exercise study or acute physiology (no randomized incretin comparison with DXA)
111	new		lean+drug+rct	2012	JOUR	Bradley, DP	APPLIED PHYSIOLOGY NUTRITION AND METABOLISM-PHYSIOLOGIE APPLIQUEE NUTRITION ET METABOLISME	10.1139/H2012-068	Alterations in energy balance following exenatide administration	exclude: energy balance mechanistic study (exenatide)
112	new		lean+drug+rct	2020	JOUR	Crabtree, DR	NUTRIENTS	10.3390/nu12123710	Appetite Control across the Lifecourse: The Acute Impact of Breakfast Drink Quantity and Protein Content. The Full4Health Project	exclude: non-pharmacological/diet-exercise study or acute physiology (no randomized incretin comparison with DXA)
113	dup-March	doi	dxa+lean+drug+rct	2021	JOUR	Brown, E	BMJ OPEN	10.1136/bmjopen-2020-045663	A randomised, controlled, double blind study to assess mechanistic effects of combination therapy of dapagliflozin with exenatide QW versus dapagliflozin alone in obese patients with type 2 diabetes mellitus (RESILIENT): study protocol	duplicate (March set)
114	new		dxa+drug+rct	2023	JOUR	Sandsdal, RM	CARDIOVASCULAR DIABETOLOGY	10.1186/s12933-023-01765-z	Combination of exercise and GLP-1 receptor agonist treatment reduces severity of metabolic syndrome, abdominal obesity, and inflammation: a randomized controlled trial	exclude: S-LiTE secondary analysis (metabolic syndrome)
115	new		lean+drug+rct	2024	JOUR	Rochira, V	DISEASES	10.3390/diseases12090204	The Effect of Tirzepatide on Body Composition in People with Overweight and Obesity: A Systematic Review of Randomized, Controlled Studies	exclude: review/editorial/opinion
116	new		drug+rct	2013	JOUR	Foghsgaard, S	BMJ OPEN	10.1136/bmjopen-2013-003834	The effect of a glucagon-like peptide-1 receptor agonist on glucose tolerance in women with previous gestational diabetes mellitus: protocol for an investigator-initiated, randomised, placebo-controlled, double-blinded, parallel intervention trial	exclude: previous gestational diabetes; glucose tolerance
117	dup-March	doi	lean+rct	2023	JOUR	Corbin, KD	OBESITY	10.1002/oby.23633	Glucagon-like peptide-1/glucagon receptor agonism associates with reduced metabolic adaptation and higher fat oxidation: A randomized trial	duplicate (March set)
118	new		lean+drug+rct	2024	JOUR	Ni, DV	MILITARY MEDICINE	10.1093/milmed/usae311	Glucagon-Like Peptide-1 Receptor Agonists and Sodium Glucose Cotransporter-2 Inhibitors and Cardiorespiratory Fitness Interaction	exclude: cardiorespiratory fitness; no DXA
119	new		lean+drug+rct	2026	JOUR	Busch, S	JMIR RESEARCH PROTOCOLS	10.2196/81857	Effects of Allulose vs Aspartame Consumption on Postprandial Glucagon-Like Peptide-1 Profiles and Metabolic Health: Protocol fora Randomized, Crossover, Double-Blind, Placebo-Controlled Trial	exclude: protocol/design paper
120	dup-March	doi	dxa+lean+drug+rct	2025	JOUR	Coskun, T	LANCET DIABETES & ENDOCRINOLOGY	10.1016/S2213-8587(25)00092-0	Effects of retatrutide on body composition in people with type 2 diabetes: a substudy of a phase 2, double-blind, parallel-group, placebo-controlled, randomised trial	duplicate (March set)
121	dup-March	doi	drug+rct	2014	JOUR	Larsen, JR	BMJ OPEN	10.1136/bmjopen-2013-004227	Does a GLP-1 receptor agonist change glucose tolerance in patients treated with antipsychotic medications? Design of a randomised, double-blinded, placebo-controlled clinical trial	duplicate (March set)
122	new		lean+drug+rct	2025	JOUR	Karacabeyli, D	NATURE REVIEWS RHEUMATOLOGY	10.1038/s41584-025-01302-0	Glucagon-like peptide-1 receptor agonists in arthritis: current insights and future directions	exclude: review/editorial/opinion
123	new		lean+drug+rct	2025	JOUR	Çetin, E	TURKISH JOURNAL OF MEDICAL SCIENCES	10.55730/1300-0144.5938	Paradigm shift in obesity treatment: an extensive review of current pipeline agents	exclude: review/editorial/opinion
124	dup-March	doi	lean+drug+rct	2025	JOUR	Todorovic, N	MEDICINA-LITHUANIA	10.3390/medicina61071299	The Effects of 8-Week Hydrogen-Rich Water Consumption on Appetite, Body Composition, Sleep Quality, and Circulating Glucagon-like Peptide-1 in Obese Men and Women (HYDRAPPET): A Randomized Controlled Trial	duplicate (March set)
125	new		lean+drug	2022	JOUR	Gao, LJ	EXPERIMENTAL AND CLINICAL ENDOCRINOLOGY & DIABETES	10.1055/a-1608-0345	Comparison of Beinaglutide Versus Metformin for Weight Loss in Overweight and Obese Non-diabetic Patients	exclude: beinaglutide (not approved by FDA/EMA)
126	new		lean	2025	JOUR	Liang, YW	DIABETES OBESITY & METABOLISM	10.1111/dom.16171	Relative effects of genetically proxied glucagon-like peptide-1 receptor agonism on muscle and fat mass: A Mendelian randomization study	exclude: Mendelian randomization
127	new		lean+drug+rct	2026	JOUR	Chen, KK	JOURNAL OF FUNCTIONAL FOODS	10.1016/j.jff.2026.107389	Impact of Lactobacillus gasseri LG08 on weight management and endocrine function in overweight women: A randomized clinical trial	exclude: non-pharmacological/diet-exercise study or acute physiology (no randomized incretin comparison with DXA)
128	dup-Sept	title	dxa+lean+drug+rct	2026	JOUR	Rooks, D	JOURNAL OF CLINICAL ENDOCRINOLOGY & METABOLISM	10.1210/clinem/dgag091	Cardiac safety of chronic inhibition of the myostatin-activin pathway with bimagrumab in healthy older adults	duplicate (Sept set)
129	new		dxa+drug+rct	2023	JOUR	Bojsen-Moller, KN	INTERNATIONAL JOURNAL OF OBESITY	10.1038/s41366-023-01372-8	Primary weight loss failure after Roux-en-Y gastric bypass is characterized by impaired gut-hormone mediated regulation of food intake	exclude: population/indication outside scope or post-surgical
130	new		lean+drug+rct	2026	JOUR	Prokopidis, K	ADVANCES IN THERAPY	10.1007/s12325-026-03750-w	Risk of protein intake deficiency during treatment with GLP-1 and GIP/GLP-1 receptor agonists: considerations for secondary sarcopenia	exclude: review/editorial/opinion
131	new		lean+drug+rct	2025	JOUR	Henney, AE	INTERNATIONAL JOURNAL OF OBESITY	10.1038/s41366-024-01529-z	Obesity pharmacotherapy in older adults: a narrative review of evidence	exclude: review/editorial/opinion
132	new		dxa+lean	2020	JOUR	Li, X	DIABETES OBESITY & METABOLISM	10.1111/dom.14155	Genetic variation in lean body mass, changes of appetite and weight loss in response to diet interventions: ThePOUNDSLost trial	exclude: no incretin-based drug intervention
133	new		dxa+lean+drug+rct	2022	JOUR	O'Neil, PM	POSTGRADUATE MEDICINE	10.1080/00325481.2022.2150006	Exploring the wider benefits of semaglutide treatment in obesity: insight from the STEP program	exclude: narrative review of STEP program
134	new		lean+drug+rct	2026	JOUR	Fekri-Kourabbaslou, V	HEALTH SCIENCE REPORTS	10.1002/hsr2.72204	Effect of Different Modes of High Intensity Interval Training on Appetite-Related Hormones, Appetite Perception, and Anthropometric Measures in Overweight and Obese Men: A Randomized Controlled Trial	exclude: non-pharmacological/diet-exercise study or acute physiology (no randomized incretin comparison with DXA)
135	new		lean+rct	2025	JOUR	González-Luis, A	EUROPEAN JOURNAL OF ENDOCRINOLOGY	10.1093/ejendo/lvaf223	Glucagon-like peptide-1 receptor agonists and muscle health: potential role in sarcopenia prevention and treatment	exclude: review/editorial/opinion
136	dup-March	doi	dxa+lean+drug+rct	2017	JOUR	Maziarz, MP	NUTRITION JOURNAL	10.1186/s12937-017-0235-8	Resistant starch lowers postprandial glucose and leptin in overweight adults consuming a moderate-to-high-fat diet: a randomized-controlled trial	duplicate (March set)
137	new		lean+rct	2025	JOUR	Ranjbar, M	OBESITY	10.1002/oby.24283	The effects of protein supplementation on body composition after bariatric surgery: a systematic review and meta-analysis of randomized controlled trials	exclude: review/editorial/opinion
138	dup-March	doi	lean+drug	2009	JOUR	Jendle, J	DIABETES OBESITY & METABOLISM	10.1111/j.1463-1326.2009.01158.x	Weight loss with liraglutide, a once-daily human glucagon-like peptide-1 analogue for type 2 diabetes treatment as monotherapy or added to metformin, is primarily as a result of a reduction in fat tissue	duplicate (March set)
139	new		drug+rct	2022	CHAP	Ryan, DH	FROM OBESITY TO DIABETES	10.1007/164_2021_560	Drugs for Treating Obesity	exclude: review/editorial/opinion
140	new		lean+drug+rct	2026	JOUR	Bruna-Mejias, A	NUTRIENTS	10.3390/nu18111781	GLP-1RA-and Incretin-Based Therapies Within Lifestyle Interventions for Adults with Overweight or Obesity: A Systematic Review and Meta-Analysis	exclude: review/editorial/opinion
141	new		lean+drug+rct	2026	JOUR	Schiavo, L	NUTRIENTS	10.3390/nu18071092	Short-Term Associations Between Fat-Free Mass Preservation and Glycaemic Markers During Tirzepatide Therapy: A Secondary Exploratory Analysis	exclude: non-randomized 12-week study (tirzepatide + diet)
142	dup-March	doi	drug	2013	JOUR	Olszanecka-Glinianowicz, M	PHARMACOLOGICAL REPORTS	10.1016/S1734-1140(13)71044-2	Long-term inhibition of intestinal lipase by orlistat improves release of gut hormones increasing satiety in obese women	duplicate (March set)
143	new		lean+drug	2026	JOUR	Menezes, MLL	DIABETES OBESITY & METABOLISM	10.1111/dom.71220	Body Composition Remodelling During GLP-1-Based Therapy: A Systematic Review and Meta-Analysis Using a Hierarchical Physiological Framework	exclude: systematic review (Embase to May 2026; used as cross-check source)
144	new		lean	2025	JOUR	Jiang, W	JOURNALS OF GERONTOLOGY SERIES A-BIOLOGICAL SCIENCES AND MEDICAL SCIENCES	10.1093/gerona/glaf007	Exploring the Potential Effect of GLP1R Agonism on Common Aging-Related Diseases via Glucose Reduction: A Mendelian Randomization Study	exclude: Mendelian randomization
145	dup-March	doi	drug+rct	2015	JOUR	Dejgaard, TF	BMJ OPEN	10.1136/bmjopen-2015-007791	Efficacy and safety of the glucagon-like peptide-1 receptor agonist liraglutide added to insulin therapy in poorly regulated patients with type 1 diabetes-a protocol for a randomised, double-blind, placebo-controlled study: The Lira-1 study	duplicate (March set)
146	new		dxa+lean+drug+rct	2026	JOUR	Kim, SY	KOREAN JOURNAL OF RADIOLOGY	10.3348/kjr.2025.0937	Potential Role of Imaging in the Evaluation of Adiposity and of Anti	exclude: review/editorial/opinion
147	new		drug	2016	JOUR	Gilbert, MP	ENDOCRINE PRACTICE	10.4158/EP15758.OR	COMPARISON OF THE LONG-TERM EFFECTS OF LIRAGLUTIDE AND GLIMEPIRIDE MONOTHERAPY ON BONE MINERAL DENSITY IN PATIENTS WITH TYPE 2 DIABETES	exclude: LEAD-3 BMD substudy (bone outcomes only; trial already included)
148	dup-March	doi	lean+drug+rct	2020	JOUR	Fornari, E	NUTRIENTS	10.3390/nu12010214	Policaptil Gel Retard Intake Reduces Postprandial Triglycerides, Ghrelin and Appetite in Obese Children: A Clinical Trial	duplicate (March set)
149	new		dxa+drug+rct	2024	JOUR	Jensen, SBK	JAMA NETWORK OPEN	10.1001/jamanetworkopen.2024.16775	Bone Health After Exercise Alone, GLP-1 Receptor Agonist Treatment, or Combination Treatment: A Secondary Analysis of a Randomized Clinical Trial	exclude: S-LiTE secondary analysis (bone)
150	dup-March	doi	drug	2021	JOUR	Hanssen, R	MOLECULAR METABOLISM	10.1016/j.molmet.2021.101163	GLP-1 and hunger modulate incentive motivation depending on insulin sensitivity in humans	duplicate (March set)
151	dup-March	doi	lean+drug+rct	2019	JOUR	Newmire, DE	NUTRIENTS	10.3390/nu11112650	The Impact of a Large Bolus Dose of l-leucine and l-isoleucine on Enteroendocrine and Pancreatic Hormones, and Glycemia in Healthy, Inactive Adults	duplicate (March set)
152	dup-Sept	title	lean+drug+rct	2026	JOUR	Li, D	ENDOCRINE METABOLIC & IMMUNE DISORDERS-DRUG TARGETS	10.2174/0118715303422692260617052555	Semaglutide and Musculoskeletal Health: A Mendelian Randomization Study Based on GLP-1 Receptor Expression	duplicate (Sept set)
153	new		lean+drug+rct	2025	JOUR	Sokary, S	PRIMARY CARE DIABETES	10.1016/j.pcd.2025.03.008	The promise of tirzepatide: A narrative review of metabolic benefits	exclude: review/editorial/opinion
154	new		lean+drug+rct	2024	JOUR	Dash, S	DIABETES OBESITY & METABOLISM	10.1111/dom.15829	Opportunities to optimize lifestyle interventions in combination with glucagon-like peptide-1-based therapy	exclude: review/editorial/opinion
155	new		drug+rct	2026	JOUR	Raja, NP	CURRENT ONCOLOGY REPORTS	10.1007/s11912-026-01825-z	GLP-1 Receptor Agonists and Obesity Related Cancers: What We Know So Far	exclude: population/indication outside scope or post-surgical
156	dup-March	doi	dxa+lean+drug+rct	2024	JOUR	Grannell, A	CLINICAL OBESITY	10.1111/cob.12622	Long-term weight outcomes in patients treated with liraglutide 3.0 mg in real-world clinical practice	duplicate (March set)
157	new		lean+drug+rct	2026	JOUR	Baragetti, A	BRITISH JOURNAL OF PHARMACOLOGY	10.1111/bph.70483	Impact of incretin analogues on lipid and lipoprotein metabolism in obesity and diabetes	exclude: non-pharmacological/diet-exercise study or acute physiology (no randomized incretin comparison with DXA)
158	dup-March	doi	dxa+lean+drug	2024	JOUR	Anyiam, O	CLINICAL NUTRITION	10.1016/j.clnu.2024.06.034	Metabolic effects of very-low calorie diet, Semaglutide, or combination of the two, in individuals with type 2 diabetes mellitus	duplicate (March set)
159	new		lean+drug+rct	2026	JOUR	Ming, QL	FRONTIERS IN NUTRITION	10.3389/fnut.2026.1914155	Medical nutrition therapy in incretin-treated obesity-related heart failure with preserved ejection fraction	exclude: population/indication outside scope or post-surgical
160	new		lean+drug+rct	2025	JOUR	Bujdei-Tebeica, I	MEDICINA-LITHUANIA	10.3390/medicina61081399	Effects of Blood-Glucose Lowering Therapies on Body Composition and Muscle Outcomes in Type 2 Diabetes: A Narrative Review	exclude: review/editorial/opinion
161	new		drug+rct	2026	JOUR	Forslund, M	EUROPEAN JOURNAL OF ENDOCRINOLOGY	10.1093/ejendo/lvag033	GLP-1 receptor agonist treatment in women with polycystic ovary syndrome-a systematic review and meta-analysis	exclude: PCOS meta-analysis
162	new		drug+rct	2016	JOUR	Nathan, BM	CLINICAL OBESITY	10.1111/cob.12128	Predictors of weight-loss response with glucagon-like peptide-1 receptor agonist treatment among adolescents with severe obesity	exclude: adolescents
163	dup-March	doi	lean+drug	2010	JOUR	Bunck, MC	DIABETES CARE	10.2337/dc09-2361	Exenatide Affects Circulating Cardiovascular Risk Biomarkers Independently of Changes in Body Composition	duplicate (March set)
164	new		lean+drug+rct	2026	JOUR	De Girolamo, G	EUROPEAN JOURNAL OF CLINICAL INVESTIGATION	10.1111/eci.70155	Muscle health in the modern era of incretin-based therapies	exclude: review/editorial/opinion
165	dup-March	doi	dxa+lean+drug+rct	2018	JOUR	Frossing, S	DIABETES OBESITY & METABOLISM	10.1111/dom.13053	Effect of liraglutide on ectopic fat in polycystic ovary syndrome: A randomized clinical trial	duplicate (March set)
166	dup-Sept	title	lean+drug+rct	2026	JOUR	Sun, LQ	BIOSCIENCE TRENDS	10.5582/bst.2026.01148	Immunometabolic reprogramming via GLP-1 receptor agonists in people with HIV: A multidimensional systemic framework	duplicate (Sept set)
167	dup-March	doi		2013	JOUR	Bi, Y	DIABETES-METABOLISM RESEARCH AND REVIEWS	10.1002/dmrr.2443	The beneficial effect of metformin on β-cell function in non-obese Chinese subjects with newly diagnosed type 2 diabetes	duplicate (March set)
168	new		lean+drug+rct	2021	JOUR	Lazzaroni, E	PHARMACOLOGICAL RESEARCH	10.1016/j.phrs.2021.105782	Anti-diabetic drugs and weight loss in patients with type 2 diabetes	exclude: narrative review
169	dup-March	doi	lean+drug	2014	JOUR	Malin, SK	INTERNATIONAL JOURNAL OF OBESITY	10.1038/ijo.2013.196	Improved acylated ghrelin suppression at 2 years in obese patients with type 2 diabetes: effects of bariatric surgery vs standard medical therapy	duplicate (March set)
170	dup-March	doi	lean+drug+rct	2022	JOUR	Shoemaker, AH	INTERNATIONAL JOURNAL OF OBESITY	10.1038/s41366-021-01043-6	Energy balance in hypothalamic obesity in response to treatment with a once-weekly GLP-1 receptor agonist	duplicate (March set)
171	new		lean+drug+rct	2006	JOUR	Westerterp-Plantenga, MS	INTERNATIONAL JOURNAL OF OBESITY	10.1038/sj.ijo.0803487	Dietary protein, metabolism, and body-weight regulation: dose-response effects	exclude: non-pharmacological/diet-exercise study or acute physiology (no randomized incretin comparison with DXA)
172	new		lean+drug+rct	2018	JOUR	Dale, HF	JOURNAL OF NUTRITIONAL SCIENCE	10.1017/jns.2018.23	Effect of a cod protein hydrolysate on postprandial glucose metabolism in healthy subjects: a double-blind cross-over trial	exclude: non-pharmacological/diet-exercise study or acute physiology (no randomized incretin comparison with DXA)
173	new		lean+drug+rct	2024	JOUR	Dutta, D	OBESITY SURGERY	10.1007/s11695-024-07175-8	Glucagon-Like Peptide-1 Receptor Agonists in Post-bariatric Surgery Patients: A Systematic Review and Meta-analysis	exclude: review/editorial/opinion
174	dup-March	doi	dxa+lean+drug+rct	2022	JOUR	Elkind-Hirsch, KE	FERTILITY AND STERILITY	10.1016/j.fertnstert.2022.04.027	Liraglutide 3 mg on weight, body composition, and hormonal and metabolic parameters in women with obesity and polycystic ovary syndrome: a randomized placebo-controlled-phase 3 study	duplicate (March set)
175	new		lean+drug+rct	2025	JOUR	Jin, ZX	INTERNATIONAL JOURNAL OF OBESITY	10.1038/s41366-025-01726-4	Fasting appetite-related gut hormone responses after weight loss induced by calorie restriction, exercise, or both in people with overweight or obesity: a meta-analysis	exclude: non-pharmacological/diet-exercise study or acute physiology (no randomized incretin comparison with DXA)
176	new		lean	2015	JOUR	McKnight, LL	ANIMALS	10.3390/ani5020365	Dietary Mannoheptulose Increases Fasting Serum Glucagon Like Peptide-1 and Post-Prandial Serum Ghrelin Concentrations in Adult Beagle Dogs	exclude: no incretin-based drug intervention
177	dup-March	doi	lean+drug+rct	2022	JOUR	Maselli, D	OBESITY	10.1002/oby.23481	Effects of liraglutide on gastrointestinal functions and weight in obesity: A randomized clinical and pharmacogenomic trial	duplicate (March set)
178	new		lean+drug+rct	2026	JOUR	Atieh, O	CLINICAL INFECTIOUS DISEASES	10.1093/cid/ciaf577	Effects of Semaglutide on Cognitive Function in People With Human Immunodeficiency Virus: A Randomized, Controlled Trial	exclude: HIV population; cognitive outcomes
179	new		lean+drug+rct	2026	JOUR	McCann, C	BRITISH JOURNAL OF SPORTS MEDICINE	10.1136/bjsports-2025-111225	<bold> </bold>GLP-1 receptor agonists and weight-loss strategies for individuals with obesity and hip or knee osteoarthritis: a scoping review	exclude: review/editorial/opinion
180	new		lean+drug+rct	2018	JOUR	Giezenaar, C	NUTRIENTS	10.3390/nu10010078	Dose-Dependent Effects of Randomized Intraduodenal Whey-Protein Loads on Glucose, Gut Hormone, and Amino Acid Concentrations in Healthy Older and Younger Men	exclude: non-pharmacological/diet-exercise study or acute physiology (no randomized incretin comparison with DXA)
181	new		lean+drug+rct	2023	JOUR	Sato, M	JOURNAL OF CLINICAL MEDICINE	10.3390/jcm12093104	Relationships among Postprandial Plasma Active GLP-1 and GIP Excursions, Skeletal Muscle Mass, and Body Fat Mass in Patients with Type 2 Diabetes Treated with Either Miglitol, Sitagliptin, or Their Combination: A Secondary Analysis of the MASTER Study	exclude: DPP-4 inhibitor
182	new		lean+drug	2016	JOUR	Allsop, S	PHYSIOLOGY & BEHAVIOR	10.1016/j.physbeh.2016.06.002	The between-day reproducibility of fasting, satiety-related analytes, in 8 to 11 year-old boys	exclude: paediatric population
183	dup-March	doi	lean+drug+rct	2024	JOUR	Bonfante, ILP	EUROPEAN JOURNAL OF SPORT SCIENCE	10.1002/ejsc.12057	Combined training and hormones/enzymes with insulinotropic actions in individuals with overweight and type 2 diabetes mellitus: A randomized controlled trial	duplicate (March set)
184	dup-Sept	title	lean+drug+rct	2026	JOUR	Laverde, LP	INTERNATIONAL JOURNAL OF OBESITY	10.1038/s41366-026-02118-y	Effect of GLP-1 receptor agonists at doses for obesity management on muscle health: systematic review and meta-analysis of randomized controlled trials (RCTs)	duplicate (Sept set)
185	dup-March	doi	dxa+lean+rct	2022	JOUR	Purcell, SA	TRANSLATIONAL JOURNAL OF THE AMERICAN COLLEGE OF SPORTS MEDICINE	10.1249/TJX.0000000000000211	Appetitive and Metabolic Responses to an Exercise versus Dietary Intervention in Adults with Obesity	duplicate (March set)
186	new		lean+rct	2021	JOUR	Zhang, XL	JOURNAL OF CACHEXIA SARCOPENIA AND MUSCLE	10.1002/jcsm.12838	Anti-diabetic drugs and sarcopenia: emerging links, mechanistic insights, and clinical implications	exclude: review/editorial/opinion
187	new		drug+rct	2018	JOUR	Seino, Y	JOURNAL OF DIABETES INVESTIGATION	10.1111/jdi.12694	Sodium-glucose cotransporter-2 inhibitor luseogliflozin added to glucagon-like peptide 1 receptor agonist liraglutide improves glycemic control with bodyweight and fat mass reductions in Japanese patients with type 2 diabetes: A 52-week, open-label, single-arm study	exclude: SGLT2 add-on to liraglutide; no DXA
188	dup-Sept	title	lean+drug+rct	2026	JOUR	Suenaert, P	GUT MICROBES	10.1080/19490976.2026.2690689	Effect of pasteurized Akkermansia muciniphila MucT on insulin sensitivity, body composition, and GLP-1 production in subjects with metabolic syndrome: impact of low baseline gut Akkermansia levels	duplicate (Sept set)
189	dup-March	doi	lean+drug	2018	JOUR	Garito, T	DIABETES OBESITY & METABOLISM	10.1111/dom.13042	Bimagrumab improves body composition and insulin sensitivity in insulin-resistant individuals	duplicate (March set)
190	dup-March	doi	lean+drug+rct	2018	JOUR	Yin, TT	NUTRITION & METABOLISM	10.1186/s12986-018-0295-6	Effects of exenatide versus insulin glargine on body composition in overweight and obese T2DM patients: a randomized controlled trial	duplicate (March set)
191	new		lean+rct	2010	CHAP	Ueno, H	PHYLOGENETIC ASPECTS OF NEUROPEPTIDES: FROM INVERTEBRATES TO HUMANS	10.1111/j.1749-6632.2010.05509.x	Translational research of ghrelin	exclude: no incretin-based drug intervention
192	new		dxa+rct	2024	JOUR	Beavers, DP	JOURNAL OF BONE AND MINERAL RESEARCH		Effects of Glucagon-Like Peptide-1 Receptor Agonist Based Treatments on DXA-Acquired Musculoskeletal Health Outcomes: a Meta-Analysis of Randomized Controlled Trials	exclude: meta-analysis (used as cross-check source)
193	new		lean+rct	2025	JOUR	Anyiam, O	OBESITY REVIEWS	10.1111/obr.13916	How do glucagon-like Peptide-1 receptor agonists affect measures of muscle mass in individuals with, and without, type 2 diabetes: A systematic review and meta-analysis	exclude: review/editorial/opinion
194	dup-March	doi		2021	JOUR	Wong, C	FRONTIERS IN ENDOCRINOLOGY	10.3389/fendo.2021.609110	Glucagon-Like Peptide-1 Receptor Agonists for Non-Alcoholic Fatty Liver Disease in Type 2 Diabetes: A Meta-Analysis	duplicate (March set)
195	dup-March	doi	lean+drug	2025	JOUR	Lange, E	NUTRIENTS	10.3390/nu17233789	The Effect of a Low-Energy and Low-Glycemic Diet on Adipose Tissue Metabolism and Energy Expenditure in Women with Excess Body Weight	duplicate (March set)
196	new		lean+drug+rct	2026	JOUR	Rossi, G	ACTA DIABETOLOGICA	10.1007/s00592-025-02611-2	Muscle loss and GLP-1R agonists use	exclude: narrative review
197	dup-March	doi	dxa+lean+drug+rct	2022	JOUR	Schmidt, S	DIABETES OBESITY & METABOLISM	10.1111/dom.14567	Liraglutide changes body composition and lowers added sugar intake in overweight persons with insulin pump-treated type 1 diabetes	duplicate (March set)
198	new		lean+drug+rct	2026	JOUR	Hyung, SW	JOURNAL OF CLINICAL MEDICINE	10.3390/jcm15155932	Glucagon-like Peptide-1 Receptor Agonists and Chronic Pain: Preclinical Antinociceptive Mechanisms, Indirect Metabolic-Functional Effects, and Clinical Considerations-A Narrative Review	exclude: review/editorial/opinion
199	new		lean+drug+rct	2026	JOUR	Walker, E	OBESITY PILLARS	10.1016/j.obpill.2026.100299	Bitter hop nutraceutical stimulates fat mass loss while preserving muscle mass in a cohort of individuals with overweight or obesity receiving diet and exercise advice	exclude: non-pharmacological/diet-exercise study or acute physiology (no randomized incretin comparison with DXA)
200	new		rct	2019	JOUR	Elliott, JA	BRITISH JOURNAL OF SURGERY	10.1002/bjs.11118	Changes in gut hormones, glycaemic response and symptoms after oesophagectomy	exclude: population/indication outside scope or post-surgical
201	dup-Sept	title	dxa+lean+drug+rct	2026	JOUR	Alawadhi, AA	BMJ OPEN	10.1136/bmjopen-2026-116911	LEAN mass Preservation with Resistance Exercise and Protein during semaglutide and tirzepatide therapy (LEAN-PREP study): a protocol for a randomised controlled trial	duplicate (Sept set)
202	dup-March	doi	lean+rct	2018	JOUR	Flack, KD	AMERICAN JOURNAL OF PHYSIOLOGY-REGULATORY INTEGRATIVE AND COMPARATIVE PHYSIOLOGY	10.1152/ajpregu.00071.2018	Energy compensation in response to aerobic exercise training in overweight adults	duplicate (March set)
203	dup-March	doi	lean+drug+rct	2024	JOUR	Nelson, LW	AMERICAN JOURNAL OF ROENTGENOLOGY	10.2214/AJR.24.31805	Intrapatient Changes in CT-Based Body Composition After Initiation of Semaglutide (Glucagon-Like Peptide-1 Receptor Agonist) Therapy	duplicate (March set)
204	new		lean+drug+rct	2026	JOUR	Schmitz, SH	NEPHROLOGY DIALYSIS TRANSPLANTATION	10.1093/ndt/gfaf199	GLP-1 receptor agonists for kidney transplant recipients	exclude: population/indication outside scope or post-surgical
205	new		lean+drug+rct	2025	JOUR	Cozma, D	BIOMEDICINES	10.3390/biomedicines13123079	Added Value to GLP-1 Receptor Agonist: Intermittent Fasting and Lifestyle Modification to Improve Therapeutic Effects and Outcomes	exclude: review/editorial/opinion
206	new		lean+drug	2023	JOUR	Xiang, J	DIABETES METABOLIC SYNDROME AND OBESITY	10.2147/DMSO.S425642	GLP-1RA Liraglutide and Semaglutide Improves Obesity-Induced Muscle Atrophy via SIRT1 Pathway	exclude: preclinical (SIRT1 pathway)
207	new		dxa+drug	2016	JOUR	Eom, YS	PLOS ONE	10.1371/journal.pone.0168569	Protective Effects of Vildagliptin against Pioglitazone-Induced Bone Loss in Type 2 Diabetic Rats	exclude: preclinical
208	dup-March	doi	lean+drug+rct	2023	JOUR	Zhang, YQ	NUTRIENTS	10.3390/nu15030556	Effects of a Dulaglutide plus Calorie-Restricted Diet versus a Calorie-Restricted Diet on Visceral Fat and Metabolic Profiles in Women with Polycystic Ovary Syndrome: A Randomized Controlled Trial	duplicate (March set)
209	dup-March	doi	drug+rct	2013	JOUR	Madsen, KB	REGULATORY PEPTIDES	10.1016/j.regpep.2013.03.025	Acute effects of continuous infusions of glucagon-like peptide (GLP)-1, GLP-2 and the combination (GLP-1+GLP-2) on intestinal absorption in short bowel syndrome (SBS) patients. A placebo-controlled study	duplicate (March set)
210	dup-Sept	title	dxa+lean+drug+rct	2026	JOUR	Busk-Cirera, L	DIABETES OBESITY & METABOLISM	10.1111/dom.71006	Effects of Incretin-Based Therapies, Diet and Exercise Interventions, and Bariatric Surgery on Fat-Free Mass in Adults With Overweight or Obesity: A Systematic Review and Meta-Analysis	duplicate (Sept set)
211	dup-March	doi	drug+rct	2015	JOUR	Jensterle, M	JOURNAL OF OVARIAN RESEARCH	10.1186/s13048-015-0161-3	Short term monotherapy with GLP-1 receptor agonist liraglutide or PDE 4 inhibitor roflumilast is superior to metformin in weight loss in obese PCOS women: a pilot randomized study	duplicate (March set)
212	new		lean+drug+rct	2024	JOUR	Bosch, R	CPT-PHARMACOMETRICS & SYSTEMS PHARMACOLOGY	10.1002/psp4.13183	Quantification of the effect of GLP-1R agonists on body weight using in vitro efficacy information: An extension of the Hall body composition model	exclude: review/editorial/opinion
213	dup-Sept	title	lean+drug+rct	2026	JOUR	Zeigler, Z	HEALTHCARE	10.3390/healthcare14152345	Structured Exercise During and After Incretin-Based Pharmacotherapy Discontinuation: A Narrative Review of Mechanisms, Evidence, and Prescription Guidance	duplicate (Sept set)
214	new		lean+drug+rct	2025	JOUR	Fragozo-Ramos, MC	PLOS ONE	10.1371/journal.pone.0335060	GIP/GLP-1RA as adjunctive to automated insulin delivery in adults with Type 1 diabetes (the AID-JUNCT trial): Study protocol for a prospective, randomized, clinical trial	exclude: protocol/design paper
215	dup-March	doi	lean	2007	JOUR	Diepvens, K	INTERNATIONAL JOURNAL OF OBESITY	10.1038/sj.ijo.0803532	Long-term effects of consumption of a novel fat emulsion in relation to body-weight management	duplicate (March set)
216	dup-March	doi	lean+drug+rct	2023	JOUR	Orku, SE	NUTRITION	10.1016/j.nut.2022.111885	The effect of regular consumption of four low- or no-calorie sweeteners on glycemic response in healthy women: A randomized controlled trial	duplicate (March set)
217	dup-Sept	title	lean+drug+rct	2026	JOUR	Dziewierz, A	NUTRIENTS	10.3390/nu18111761	Adherence and Persistence with GLP-1-Based Therapies: International Real-World Evidence and the Role of Nutritional and Lifestyle Support-A Narrative Review	duplicate (Sept set)
218	dup-March	doi	lean+drug+rct	2026	JOUR	Gao, F	DIABETES OBESITY & METABOLISM	10.1111/dom.70429	Efficacy, tolerability, and safety of Efsubaglutide Alfa in participants with obesity or overweight (LIGHT 1): A randomized, double-blind, placebo-controlled, ascending-dose phase 2a trial	duplicate (March set)
219	dup-Sept	title	lean+drug+rct	2026	JOUR	Pratley, RE	NATURE MEDICINE	10.1038/s41591-026-04440-4	Apitegromab for lean mass preservation during tirzepatide-induced weight loss: a randomized, double-blind, placebo-controlled phase 2 trial	duplicate (Sept set)
220	dup-March	doi	lean+rct	2018	JOUR	Coutinho, SR	CLINICAL NUTRITION	10.1016/j.clnu.2017.04.002	Compensatory mechanisms activated with intermittent energy restriction: A randomized control trial	duplicate (March set)
221	new		lean+drug+rct	2025	JOUR	Çetin, D	MEDICINA-LITHUANIA	10.3390/medicina61071152	Effects of Empagliflozin on Sarcopenia Risk, Body Composition, and Muscle Strength in Type 2 Diabetes: A 24-Week Real-World Observational Study	exclude: non-randomized design
222	new		drug+rct	2018	JOUR	Dore, FJ	CARDIOVASCULAR DIABETOLOGY	10.1186/s12933-018-0709-9	The synergistic effects of saxagliptin and metformin on CD34+endothelial progenitor cells in early type 2 diabetes patients: a randomized clinical trial	exclude: DPP-4 inhibitor
223	new		dxa+lean+drug+rct	2026	JOUR	Nowak, M	INTERNATIONAL JOURNAL OF OBESITY	10.1038/s41366-026-02037-y	Weight-related changes in MRI-derived measures of body composition and liver steatosis: a large-scale analysis for obesity trial design	exclude: MRI-based analysis; not an incretin RCT
224	dup-March	doi	lean+drug+rct	2016	JOUR	Biemann, R	SCIENTIFIC REPORTS	10.1038/srep30173	Serum bile acids and GLP-1 decrease following telemetric induced weight loss: results of a randomized controlled trial	duplicate (March set)
225	dup-March	doi	lean+drug+rct	2023	JOUR	Heise, T	DIABETES CARE	10.2337/dc22-1710	Tirzepatide Reduces Appetite, Energy Intake, and Fat Mass in People With Type 2 Diabetes	duplicate (March set)
226	dup-March	doi	dxa+lean+drug+rct	2019	JOUR	Feng, WH	JOURNAL OF DIABETES INVESTIGATION	10.1111/jdi.12888	Effects of liraglutide, metformin and gliclazide on body composition in patients with both type 2 diabetes and non-alcoholic fatty liver disease: A randomized trial	duplicate (March set)
227	new		lean+drug+rct	2020	JOUR	Ishii, H	DIABETES THERAPY	10.1007/s13300-019-00726-8	Once-Weekly Dulaglutide with Insulin Therapy for Type 2 Diabetes: Efficacy and Safety Results from a Phase 4, Randomized, Placebo-Controlled Study	exclude: phase 4 dulaglutide + insulin (Japan); no DXA body composition
228	dup-March	doi	lean+drug	2020	JOUR	Zouhal, H	INTERNATIONAL JOURNAL OF ENVIRONMENTAL RESEARCH AND PUBLIC HEALTH	10.3390/ijerph17155600	Effects of Ramadan Intermittent Fasting on Gut Hormones and Body Composition in Males with Obesity	duplicate (March set)
229	new		lean+drug+rct	2024	JOUR	Novodvorsky, P	DIABETES THERAPY	10.1007/s13300-024-01582-x	The IDEAL (Insulin therapy DE-intensificAtion with iglarLixi) Randomised Controlled Trial-Study Design and Protocol	exclude: protocol/design paper
230	new		lean+drug+rct	2026	JOUR	Mendias, CL	OBESITY PILLARS	10.1016/j.obpill.2026.100317	Increasing skeletal muscle mass and strength during incretin-based weight loss	exclude: testosterone/exercise programme; not phase 3
231	new		dxa	2014	JOUR	Harding, SV	EUROPEAN JOURNAL OF NUTRITION	10.1007/s00394-013-0583-x	Consumption of wheat bran modified by autoclaving reduces fat mass in hamsters	exclude: preclinical
232	dup-Sept	title	lean+rct	2026	JOUR	Yokote, K	DIABETES OBESITY & METABOLISM	10.1111/dom.70862	Survodutide for the Treatment of Obesity Disease in Japanese Participants: Rationale, Design and Baseline Characteristics of the Phase 3 SYNCHRONIZE-JP Trial	duplicate (Sept set)
233	dup-March	doi	drug+rct	2025	JOUR	Moolla, A	JHEP REPORTS	10.1016/j.jhepr.2025.101363	Randomised trial comparing weight loss through lifestyle and GLP-1 receptor agonist therapy in people with MASLD	duplicate (March set)
234	new		lean+drug+rct	2012	JOUR	Reimer, RA	JOURNAL OF NUTRITION	10.3945/jn.112.163204	Sitagliptin Reduces Hyperglycemia and Increases Satiety Hormone Secretion More Effectively When Used with a Novel Polysaccharide in Obese Zucker Rats	exclude: preclinical
235	new		lean+rct	2025	JOUR	Wang, W	BIOMEDICINES	10.3390/biomedicines13051108	Navigating Sarcopenia Risks in GLP-1RA Therapy for Advanced Heart Failure	exclude: review/editorial/opinion
236	new		drug+rct	2021	JOUR	Graybeal, AJ	NUTRITION RESEARCH	10.1016/j.nutres.2021.07.008	Perceptions of appetite do not match hormonal measures of appetite in trained competitive cyclists and triathletes following a ketogenic diet compared to a high-carbohydrate or habitual diet: A randomized crossover trial x2729;	exclude: non-pharmacological/diet-exercise study or acute physiology (no randomized incretin comparison with DXA)
237	new		lean+drug+rct	2012	JOUR	Pyra, KA	JOURNAL OF NUTRITION	10.3945/jn.111.147132	Prebiotic Fiber Increases Hepatic Acetyl CoA Carboxylase Phosphorylation and Suppresses Glucose-Dependent Insulinotropic Polypeptide Secretion More Effectively When Used with Metformin in Obese Rats	exclude: preclinical
238	new		lean+drug	2025	JOUR	Park, J	FRONTIERS IN SPORTS AND ACTIVE LIVING	10.3389/fspor.2025.1553202	Effects of Taekwondo training on thigh muscle cross-sectional area, health-related physical fitness, HbA1c, and GLP-1 in sedentary older women	exclude: non-randomized design
239	new		lean+drug+rct	2025	JOUR	Koceva, A	FRONTIERS IN ENDOCRINOLOGY	10.3389/fendo.2024.1528457	Case report: Long-term efficacy and safety of semaglutide in the treatment of syndromic obesity in Prader Willi syndrome - case series and literature review	exclude: case report (Prader-Willi)
240	new		lean+drug+rct	2024	JOUR	Jensen, SBK	ECLINICALMEDICINE	10.1016/j.eclinm.2024.102475	Healthy weight loss maintenance with exercise, GLP-1 receptor agonist, or both combined followed by one year without treatment: a post-treatment analysis of a randomised placebo-controlled trial	exclude: S-LiTE post-treatment follow-up (trial already in expanded sensitivity set)
241	new		lean+drug+rct	2026	JOUR	Abdelrahman, ST	JOURNAL OF PIONEERING MEDICAL SCIENCES	10.47310/jpms2026150613	Effects of Combined Exercise and GLP-1 Receptor Agonist Liraglutide Therapy on Weight Loss and Metabolic Health in Obese Patients: A Systematic Review and Meta-Analysis	exclude: exercise co-intervention; not phase 3
242	new		drug	2005	JOUR	Hücking, K	DIABETIC MEDICINE	10.1111/j.1464-5491.2005.01451.x	α-Glucosidase inhibition (acarbose) fails to enhance secretion of glucagon-like peptide 1 (7-36 amide) and to delay gastric emptying in Type 2 diabetic patients	exclude: unapproved or non-incretin agent
243	dup-March	doi	dxa+lean+drug+rct	2023	JOUR	Preechasuk, L	EUROPEAN JOURNAL OF NUTRITION	10.1007/s00394-023-03205-w	Short-term effects of allulose consumption on glucose homeostasis, metabolic parameters, incretin levels, and inflammatory markers in patients with type 2 diabetes: a double-blind, randomized, controlled crossover clinical trial	duplicate (March set)
244	dup-March	doi	lean+rct	2018	JOUR	Coutinho, SR	CLINICAL NUTRITION	10.1016/j.clnu.2017.04.008	The impact of rate of weight loss on body composition and compensatory mechanisms during weight reduction: A randomized control trial	duplicate (March set)
245	dup-March	doi	dxa+lean+drug+rct	2020	JOUR	Flack, KD	MEDICINE & SCIENCE IN SPORTS & EXERCISE	10.1249/MSS.0000000000002376	Exercise for Weight Loss: Further Evaluating Energy Compensation with Exercise	duplicate (March set)
246	new		lean+drug+rct	2025	JOUR	Schmidt, PHS	OBESITY RESEARCH & CLINICAL PRACTICE	10.1016/j.orcp.2025.01.009	Effects of liraglutide on body composition in people living with obesity or overweight: A systematic review	exclude: review/editorial/opinion
247	new		lean+drug+rct	2025	JOUR	Höurochsmann, C	CURRENT DEVELOPMENTS IN NUTRITION	10.1016/j.cdnut.2025.107491	Age-Related Differences in the Appetite-Regulating Hormone Response to Exercise	exclude: non-pharmacological/diet-exercise study or acute physiology (no randomized incretin comparison with DXA)
248	new		lean+drug+rct	2021	JOUR	Rondanelli, M	NUTRIENTS	10.3390/nu13082512	Effects of 60-Day Saccharomyces boulardii and Superoxide Dismutase Supplementation on Body Composition, Hunger Sensation, Pro/Antioxidant Ratio, Inflammation and Hormonal Lipo-Metabolic Biomarkers in Obese Adults: A Double-Blind, Placebo-Controlled Trial	exclude: non-pharmacological/diet-exercise study or acute physiology (no randomized incretin comparison with DXA)
249	new		lean+drug+rct	2025	JOUR	Chu, JH	ECLINICALMEDICINE	10.1016/j.eclinm.2025.103464	Efficacy of lifestyle modification combined with GLP-1 receptor agonists on body weight and cardiometabolic biomarkers in individuals with overweight or obesity: a systematic review and meta-analysis	exclude: review/editorial/opinion
250	new		lean+rct	2011	JOUR	Faria, SL	OBESITY SURGERY	10.1007/s11695-011-0441-y	Dietary Protein Intake and Bariatric Surgery Patients: A Review	exclude: review/editorial/opinion
251	new		lean+drug+rct	2025	JOUR	Barana, L	NUTRIENTS	10.3390/nu18010131	Nutrition and Physical Activity in Optimizing Weight Loss and Lean Mass Preservation in the Incretin-Based Medications Era: A Narrative Review	exclude: review/editorial/opinion
252	new		lean+drug+rct	2024	JOUR	Byberg, S	BMJ OPEN	10.1136/bmjopen-2023-082446	Protocol for a randomised, double-blinded, controlled trial of youth with childhood-onset obesity treated with semaglutide 2.4 mg/week: the RESETTLE trial	exclude: paediatric protocol
253	dup-March	doi	lean+rct	2024	JOUR	Cao, L	NUTRIENTS	10.3390/nu16233990	Weizmannia coagulans BC99 Improves Strength Performance by Enhancing Protein Digestion and Regulating Skeletal Muscle Quality in College Students of Physical Education Major	duplicate (March set)
254	new		lean+drug+rct	2026	JOUR	Rasul, M	THERAPEUTIC ADVANCES IN PSYCHOPHARMACOLOGY	10.1177/20451253261473919	Efficacy and safety of semaglutide versus placebo for people with schizophrenia spectrum disorders with obesity or early-stage metabolic abnormalities: A systematic review and meta-analysis of randomized controlled studies	exclude: systematic review; schizophrenia population
255	new		lean+rct	2017	JOUR	Johnston, CS	NUTRIENTS	10.3390/nu9111182	Use of Novel High-Protein Functional Food Products as Part of a Calorie-Restricted Diet to Reduce Insulin Resistance and Increase Lean Body Mass in Adults: A Randomized Controlled Trial	exclude: no incretin-based drug intervention
256	new		lean+drug+rct	2023	JOUR	Agcakaya, E	JCPSP-JOURNAL OF THE COLLEGE OF PHYSICIANS AND SURGEONS PAKISTAN	10.29271/jcpsp.2023.03.308	Comparison of the Impact of SGLT2-Inhibitors and Exenatide on Body Fat Composition	exclude: descriptive study; BIA
257	new		lean+drug+rct	2018	JOUR	Kaneko, S	EUROPEAN SURGICAL RESEARCH	10.1159/000494768	GLP1 Receptor Agonist Liraglutide Is an Effective Therapeutic Option for Perioperative Glycemic Control in Type 2 Diabetes within Enhanced Recovery After Surgery (ERAS) Protocols	exclude: perioperative glycaemic control
258	new		lean+drug+rct	2025	JOUR	Jakicic, JM	CURRENT SPORTS MEDICINE REPORTS	10.1249/JSR.0000000000001272	The Role of Exercise in the Contemporary Era of Obesity Management Medications	exclude: review/editorial/opinion
259	dup-March	doi	lean+rct	2025	JOUR	Wharton, S	OBESITY	10.1002/oby.24184	Survodutide for treatment of obesity: rationale and design of two randomized phase 3 clinical trials (SYNCHRONIZE™-1 and-2)	duplicate (March set)
260	new		lean+drug	2023	JOUR	Hu, MZ	HELIYON	10.1016/j.heliyon.2023.e13129	Acute effect of high-intensity interval training versus moderate-intensity continuous training on appetite-regulating gut hormones in healthy adults: A systematic review and meta-analysis	exclude: review/editorial/opinion
261	new		lean+drug	2025	JOUR	Ghanta, A	CURRENT PSYCHIATRY REPORTS	10.1007/s11920-025-01601-z	Sex Differences in Obesity and Its Treatment	exclude: review/editorial/opinion
262	new		lean+drug+rct	2020	JOUR	Awal, HB	CARDIOVASCULAR DIABETOLOGY	10.1186/s12933-020-01046-z	Linagliptin, when compared to placebo, improves CD34+ve endothelial progenitor cells in type 2 diabetes subjects with chronic kidney disease taking metformin and/or insulin: a randomized controlled trial	exclude: population/indication outside scope or post-surgical
263	new		lean+drug+rct	2026	JOUR	Sztanek, F	DIABETES OBESITY & METABOLISM	10.1111/dom.71277	Incretin-Based Therapies as Cardiometabolic Interventions: Outcome Hierarchy, Receptor-Network Pharmacology and Phenotype-Based Clinical Positioning	exclude: narrative review
264	new		lean+drug+rct	2026	JOUR	Spreckley, M	OBESITY REVIEWS	10.1111/obr.70079	Nutrition Strategies for Next-Generation Incretin Therapies: A Systematic Scoping Review of the Current Evidence	exclude: review/editorial/opinion
265	new		lean+rct	2024	JOUR	Lisco, G	NUTRIENTS	10.3390/nu16010063	Sarcopenia and Diabetes: A Detrimental Liaison of Advancing Age	exclude: review/editorial/opinion
266	new		lean+rct	2017	JOUR	Vu, JP	JOURNAL OF NUTRITION	10.3945/jn.117.257873	Long-Term Intake of a High-Protein Diet Affects Body Phenotype, Metabolism, and Plasma Hormones in Mice	exclude: preclinical
267	new		lean	2014	JOUR	Lombardo, M	JOURNAL OF THE AMERICAN COLLEGE OF NUTRITION	10.1080/07315724.2013.863169	Morning Meal More Efficient for Fat Loss in a 3-Month Lifestyle Intervention	exclude: no incretin-based drug intervention
268	new		rct	2008	JOUR	Lima Gabbay, MDA	ARQUIVOS BRASILEIROS DE ENDOCRINOLOGIA E METABOLOGIA		Adjunctive therapies to glycaemic control of type 1 diabetes mellitus	exclude: population/indication outside scope or post-surgical
269	dup-March	doi	drug+rct	2020	JOUR	Sprung, VS	BMJ OPEN	10.1136/bmjopen-2020-038856	Randomised, cOntrolled Multicentre trial of 26 weeks subcutaneous liraglutide (a glucagon-like peptide-1 receptor Agonist), with or without contiNuous positive airway pressure (CPAP), in patients with type 2 diabetes mellitus (T2DM) and obstructive sleep apnoEa (OSA) (ROMANCE): study protocol assessing the effects of weight loss on the apnea-hypnoea index (AHI)	duplicate (March set)
270	new		lean+drug+rct	2024	JOUR	Larsen, AT	AMERICAN JOURNAL OF PHYSIOLOGY-ENDOCRINOLOGY AND METABOLISM	10.1152/ajpendo.00092.2024	The enduring metabolic improvement of combining dual amylin and calcitonin receptor agonist and semaglutide treatments in a rat model of obesity and diabetes	exclude: preclinical
271	new		lean+drug+rct	2012	JOUR	Parnell, JA	BRITISH JOURNAL OF NUTRITION	10.1017/S0007114511003163	Prebiotic fibres dose-dependently increase satiety hormones and alter Bacteroidetes and Firmicutes in lean and obese JCR:LA-cp rats	exclude: preclinical
272	new		lean+rct	2024	JOUR	Si, PEH	DIABETES RESEARCH AND CLINICAL PRACTICE	10.1016/j.diabres.2024.111662	Cardiovascular risk reduction in older people with type 2 diabetes mellitus-a comprehensive narrative review	exclude: review/editorial/opinion
273	new		drug+rct	2026	JOUR	Ghosal, S	OBESITY PILLARS	10.1016/j.obpill.2026.100281	Effects of lifestyle and glucagon-like Peptide-1 receptor agonist-based therapies on waist circumference: A systematic review and meta-analysis	exclude: review/editorial/opinion
274	new		dxa+lean+drug+rct	2020	JOUR	Flack, KD	PLOS ONE	10.1371/journal.pone.0234692	The consequences of exercise-induced weight loss on food reinforcement. A randomized controlled trial	exclude: non-pharmacological/diet-exercise study or acute physiology (no randomized incretin comparison with DXA)
275	new		lean+rct	2019	JOUR	Stangl, MK	EXPERIMENTAL AND CLINICAL ENDOCRINOLOGY & DIABETES	10.1055/a-0672-1007	Sarcopenia - Endocrinological and Neurological Aspects	exclude: no incretin-based drug intervention
276	dup-March	doi	drug+rct	2020	JOUR	Nakaguchi, H	JOURNAL OF DIABETES INVESTIGATION	10.1111/jdi.13270	Effects of liraglutide and empagliflozin added to insulin therapy in patients with type 2 diabetes: A randomized controlled study	duplicate (March set)
277	new		lean	2022	JOUR	Wang, H	MATHEMATICAL PROBLEMS IN ENGINEERING	10.1155/2022/1992117	Effects of Different Intensity Exercise on the Patients of Oxidative Stress Factors and Glycemic Control Type 2 Diabetes Mellitus	exclude: no incretin-based drug intervention
278	dup-March	doi	lean+drug+rct	2017	JOUR	Lundkvist, P	DIABETES OBESITY & METABOLISM	10.1111/dom.12779	Dapagliflozin once-daily and exenatide once-weekly dual therapy: A 24-week randomized, placebo-controlled, phase II study examining effects on body weight and prediabetes in obese adults without diabetes	duplicate (March set)
279	new		lean+rct	2018	JOUR	Pol, K	BRITISH JOURNAL OF NUTRITION	10.1017/S0007114518000211	The efficacy of daily snack replacement with oligofructose-enriched granola bars in overweight and obese adults: a 12-week randomised controlled trial	exclude: no incretin-based drug intervention
280	new		lean+drug+rct	2026	JOUR	Tobaiqy, M	DRUG DESIGN DEVELOPMENT AND THERAPY	10.2147/DDDT.S622972	Adverse Events Associated with Incretin-Based Therapies: A Narrative Review on Mechanisms, Clinical Management, and Risk Mitigation	exclude: review/editorial/opinion
281	new		lean+drug+rct	2026	JOUR	Lucin, GA	CLINICAL NUTRITION ESPEN	10.1016/j.clnesp.2026.103444	Effect of continuous energy restriction combined with probiotic supplementation on parameters related to homeostatic and hedonic systems of food intake in adult men living with obesity: Data from a randomized, parallel, double-blind, placebo-controlled clinical trial	exclude: non-pharmacological/diet-exercise study or acute physiology (no randomized incretin comparison with DXA)
282	new		drug	2012	JOUR	Astrup, A	INTERNATIONAL JOURNAL OF OBESITY	10.1038/ijo.2011.158	Safety, tolerability and sustained weight loss over 2 years with the once-daily human GLP-1 analog, liraglutide	exclude: phase 2 (NN2211-1807 2-year extension)
283	new		lean+drug+rct	2023	JOUR	Sass, MR	BMJ OPEN	10.1136/bmjopen-2022-068652	Effect of the GLP-1 receptor agonist semaglutide on metabolic disturbances in clozapine-treated or olanzapine-treated patients with a schizophrenia spectrum disorder: study protocol of a placebo-controlled, randomised clinical trial (SemaPsychiatry)	exclude: antipsychotic-treated population
284	dup-March	doi		2018	JOUR	Bohler, L	INTERNATIONAL JOURNAL OF SPORT NUTRITION AND EXERCISE METABOLISM	10.1123/ijsnem.2017-0303	Differences in the Postprandial Release of Appetite-Related Hormones Between Active and Inactive Men	duplicate (March set)
285	new		lean+drug+rct	2026	JOUR	Al Rashid, S	CURRENT DRUG SAFETY	10.2174/0115748863365749250519051710	Evaluating the Impact of SGLT-2 Inhibitors on Frailty in Older Adults: A Clinical Review	exclude: review/editorial/opinion
286	dup-March	doi	lean+drug+rct	2025	JOUR	Barve, RA	NATURE COMMUNICATIONS	10.1038/s41467-025-66366-8	Cardiometabolic and molecular adaptations to 6-month intermittent fasting in middle-aged men and women with overweight: secondary outcomes of a randomized controlled trial	duplicate (March set)
287	new		lean+drug	2023	JOUR	Bang, HS	JOURNAL OF CLINICAL MEDICINE	10.3390/jcm12093135	Effect of Resistance Training with Different Set Structures on Neurotrophic Factors and Obesity-Related Biomarkers in Middle-Aged Korean Women with Obesity	exclude: non-pharmacological/diet-exercise study or acute physiology (no randomized incretin comparison with DXA)
288	new		lean+drug+rct	2026	JOUR	Uminska, JM	OBESITIES	10.3390/obesities6030038	Tirzepatide Versus Semaglutide: A Structured Narrative Review of Direct Comparative Clinical Studies and Post Hoc Analyses on Clinical and Laboratory Outcomes	exclude: review/editorial/opinion
289	new		lean+drug+rct	2026	JOUR	Bonafede, M	CURRENT ATHEROSCLEROSIS REPORTS	10.1007/s11883-026-01438-8	Overview of Novel Mechanisms in Obesity Pharmacotherapy and Implications for Cardiovascular Disease: A Narrative Review	exclude: review/editorial/opinion
290	dup-March	doi	lean+drug	2019	JOUR	Shakiba, E	APPLIED PHYSIOLOGY NUTRITION AND METABOLISM	10.1139/apnm-2018-0197	The type of training program affects appetite-regulating hormones and body weight in overweight sedentary men	duplicate (March set)
291	new		lean+drug	2007	JOUR	Wang, ZQ	METABOLISM-CLINICAL AND EXPERIMENTAL	10.1016/j.metabol.2007.07.004	Effects of dietary fibers on weight gain, carbohydrate metabolism, and gastric ghrelin gene expression in mice fed a high-fat diet	exclude: preclinical
292	dup-March	doi	lean+drug+rct	2025	JOUR	Xu, CL	FRONTIERS IN ENDOCRINOLOGY	10.3389/fendo.2025.1622526	Effect of Ebenatide on glycemic metabolism and body fat in patients with type 2 diabetes mellitus	duplicate (March set)
293	dup-Sept	title	lean+drug+rct	2026	JOUR	Yang, ZR	DIABETES OBESITY & METABOLISM	10.1111/dom.70966	Short-Term Combined Treatment With Tirzepatide and Metformin for Overweight/Obese Chinese Women With Polycystic Ovary Syndrome: A Prospective, Open-Label, Randomised Controlled Trial	duplicate (Sept set)
294	dup-March	doi	lean+drug	2021	JOUR	Gibbons, C	DIABETES OBESITY & METABOLISM	10.1111/dom.14255	Effects of oral semaglutide on energy intake, food preference, appetite, control of eating and body weight in subjects with type 2 diabetes	duplicate (March set)
295	new		lean+drug+rct	2026	JOUR	Voznesenskaya, AA	DIABETES MELLITUS	10.14341/DM13372	DIFFERENT WEIGHT LOSS STRATEGIES AND THEIR IMPACT ON FAT AND MUSCLE TISSUE	exclude: narrative review
296	new		dxa+drug+rct	2011	JOUR	Bunck, MC	DIABETES OBESITY & METABOLISM	10.1111/j.1463-1326.2010.01355.x	Exenatide treatment did not affect bone mineral density despite body weight reduction in patients with type 2 diabetes	exclude: bone outcomes only
297	new			2013	JOUR	Werling, M	PLOS ONE	10.1371/journal.pone.0060280	Increased Postprandial Energy Expenditure May Explain Superior Long Term Weight Loss after Roux-en-Y Gastric Bypass Compared to Vertical Banded Gastroplasty	exclude: population/indication outside scope or post-surgical
298	dup-March	doi	lean+drug+rct	2025	JOUR	Kadowaki, T	LANCET DIABETES & ENDOCRINOLOGY	10.1016/S2213-8587(24)00377-2	Efficacy and safety of once-weekly tirzepatide in Japanese patients with obesity disease (SURMOUNT-J): a multicentre, randomised, double-blind, placebo-controlled phase 3 trial	duplicate (March set)
299	new		dxa+drug+rct	2017	JOUR	Larsen, JR	JAMA PSYCHIATRY	10.1001/jamapsychiatry.2017.1220	Effect of Liraglutide Treatment on Prediabetes and Overweight or Obesity in Clozapine- or Olanzapine-Treated Patients With Schizophrenia Spectrum Disorder A Randomized Clinical Trial	exclude: antipsychotic-treated population
300	new		drug	2009	JOUR	Luscombe-Marsh, ND	BRITISH JOURNAL OF NUTRITION	10.1017/S0007114509297212	The addition of monosodium glutamate and inosine monophosphate-5 to high-protein meals: effects on satiety, and energy and macronutrient intakes	exclude: non-pharmacological/diet-exercise study or acute physiology (no randomized incretin comparison with DXA)
301	new		lean+rct	2025	JOUR	Sato, R	PHARMACOLOGY RESEARCH & PERSPECTIVES	10.1002/prp2.70031	Mechanisms and pharmacotherapy of cancer cachexia-associated anorexia	exclude: review/editorial/opinion
302	new		rct	2022	JOUR	Chanmuang, S	APPLIED SCIENCES-BASEL	10.3390/app12083768	Current Research on the Effects of Non-Digestible Carbohydrates on Metabolic Disease	exclude: review/editorial/opinion
303	new		rct	2024	JOUR	Corona, G	EXPERT REVIEW OF CLINICAL PHARMACOLOGY	10.1080/17512433.2024.2366505	Pharmacological management of testosterone deficiency in men current advances and future directions	exclude: review/editorial/opinion
304	new		lean+drug+rct	2025	JOUR	Henriksen, K	DIABETES OBESITY & METABOLISM	10.1111/dom.16379	The Goldilocks for chronic weight management-Balancing quantity with quality of weight loss	exclude: review/editorial/opinion
305	new		drug+rct	2017	JOUR	Nylander, M	ENDOCRINE CONNECTIONS	10.1530/EC-16-0113	Liraglutide in polycystic ovary syndrome: a randomized trial, investigating effects on thrombogenic potential	exclude: PCOS population; thrombogenic outcomes
306	new		drug+rct	2023	JOUR	Akyay, ÖZ	MEDICAL JOURNAL OF BAKIRKOY	10.4274/BMJ.galenos.2023.2023.6-5	Evaluation of Exenatide Versus Insulin Glargine Treatment's Impact on Brown Adipose Tissue Markers and Epicardial Adipose Tissue	exclude: adipose tissue markers; not phase 3
307	dup-March	doi	drug+rct	2024	JOUR	Eckard, AR	LANCET DIABETES & ENDOCRINOLOGY	10.1016/S2213-8587(24)00150-5	Once-weekly semaglutide in people with HIV-associated lipohypertrophy: a randomised, double-blind, placebo-controlled phase 2b single-centre clinical trial	duplicate (March set)
308	dup-March	doi	drug+rct	2012	JOUR	Bolinder, J	JOURNAL OF CLINICAL ENDOCRINOLOGY & METABOLISM	10.1210/jc.2011-2260	Effects of Dapagliflozin on Body Weight, Total Fat Mass, and Regional Adipose Tissue Distribution in Patients with Type 2 Diabetes Mellitus with Inadequate Glycemic Control on Metformin	duplicate (March set)
309	dup-March	doi	rct	2016	JOUR	Schmidt, JB	INTERNATIONAL JOURNAL OF OBESITY	10.1038/ijo.2015.162	Effects of RYGB on energy expenditure, appetite and glycaemic control: a randomized controlled clinical trial	duplicate (March set)
310	new		lean+drug+rct	2025	JOUR	Cesar, T	FRONTIERS IN NUTRITION	10.3389/fnut.2025.1639901	Citrus flavonoid supplement enhances glycemic and metabolic control in prediabetic patients on metformin: a randomized controlled trial	exclude: non-pharmacological/diet-exercise study or acute physiology (no randomized incretin comparison with DXA)
311	dup-Sept	title	lean+drug+rct	2026	JOUR	Yu, HH	OBESITY	10.1002/oby.70267	Body Composition and Lifestyle Interventions in Pharmacological Treatment of Acquired Hypothalamic Obesity: A Systematic Review of Randomized Controlled Trials	duplicate (Sept set)
312	new		lean+drug+rct	2025	JOUR	Park, C	FRONTIERS IN ENDOCRINOLOGY	10.3389/fendo.2025.1630199	A glimpse into the pipeline of anti-obesity medication development: combining multiple receptor pathways	exclude: review/editorial/opinion
313	new		lean+drug+rct	2026	JOUR	Barakat, G	JMIR AI	10.2196/86960	AI-Enabled Personalization of Semaglutide Therapy in Type 2 Diabetes: Systematic Review With an Integration Framework	exclude: review/editorial/opinion
314	dup-Sept	title	lean+drug+rct	2026	JOUR	Pérez-Pevida, B	CLINICAL NUTRITION ESPEN	10.1016/j.clnesp.2026.105005	Real-world evaluation of the effectiveness and safety of tirzepatide in patients with obesity: A prospective study	duplicate (Sept set)
315	new		lean+drug+rct	2022	JOUR	Erhardt, É	NUTRIENTS	10.3390/nu14091950	Prader-Willi Syndrome: Possibilities of Weight Gain Prevention and Treatment	exclude: Prader-Willi review
316	new		lean+drug+rct	2026	JOUR	Sommer, F	JOURNAL OF SEXUAL MEDICINE	10.1093/jsxmed/qdag118.413	Preservation of Lean Mass under GLP-1/GIP-Based Pharmacotherapy: Effects of Testosterone and Resistance Training - A Five-Arm, Randomized, Open-Label Parallel-Group Study in Obese Men	full text assessed: conference abstract (J Sex Med suppl); five-arm open-label study with testosterone/resistance-training co-interventions; not phase 3
317	dup-Sept	title	lean+drug+rct	2026	JOUR	Vandoni, M	OBESITY REVIEWS	10.1111/obr.70189	Comparative Efficacy of GLP-1 Receptor Agonists, Exercise, and Their Combination on Body Composition and Glucolipid Metabolism in Adults With Overweight or Obesity: A Network Meta-Analysis of Randomized Controlled Trials	duplicate (Sept set)
318	new		lean+drug+rct	2025	JOUR	Pons, MR	ANALES DE PEDIATRIA	10.1016/j.anpedi.2025.503856	Effectiveness of liraglutide in the treatment of adolescent obesity	exclude: adolescents
319	dup-March	doi	drug	2018	JOUR	Frossing, S	ENDOCRINE CONNECTIONS	10.1530/EC-17-0327	Effect of liraglutide on atrial natriuretic peptide, adrenomedullin, and copeptin in PCOS	duplicate (March set)
320	new		drug	2015	JOUR	Kato, H	DIABETES RESEARCH AND CLINICAL PRACTICE	10.1016/j.diabres.2015.04.008	Effect of sitagliptin on intrahepatic lipid content and body fat in patients with type 2 diabetes	exclude: DPP-4 inhibitor
321	dup-March	doi	lean+rct	2021	JOUR	Genton, L	JOURNAL OF CACHEXIA SARCOPENIA AND MUSCLE	10.1002/jcsm.12781	Gut barrier and microbiota changes with glycine and branched-chain amino acid supplementation in chronic haemodialysis patients	duplicate (March set)
322	new		lean	2019	JOUR	Schwartz, A	CLINICAL ENDOCRINOLOGY	10.1111/cen.14005	Acute decrease in plasma testosterone and appetite after either glucose or protein beverages in adolescent males	exclude: population/indication outside scope or post-surgical
323	new		lean+drug+rct	2023	JOUR	Freitas, FPC	SCIENTIFIC REPORTS	10.1038/s41598-023-40366-4	Effect of liraglutide on cardiometabolic profile and on bioelectrical impedance analysis in patients with obesity and metabolic syndrome	exclude: BIA; not phase 3
324	new		lean+drug+rct	2010	CPAPER	Ford, H	DIETARY FIBRE: NEW FRONTIERS FOR FOOD AND HEALTH		Fermentable fibres, appetite regulation and body composition	exclude: non-pharmacological/diet-exercise study or acute physiology (no randomized incretin comparison with DXA)
325	new			2016	JOUR	Reid, DT	EUROPEAN JOURNAL OF NUTRITION	10.1007/s00394-015-1047-2	Postnatal prebiotic fibre intake mitigates some detrimental metabolic outcomes of early overnutrition in rats	exclude: preclinical
326	new		lean+rct	2017	JOUR	Giezenaar, C	AMERICAN JOURNAL OF CLINICAL NUTRITION	10.3945/ajcn.117.154377	Effects of randomized whey-protein loads on energy intake, appetite, gastric emptying, and plasma gut-hormone concentrations in older men and women	exclude: no incretin-based drug intervention
327	dup-March	doi	lean+drug+rct	2025	JOUR	Zhou, JM	DIABETES OBESITY & METABOLISM	10.1111/dom.16621	Effect of semaglutide versus placebo on cardiorenal outcomes by prior cardiovascular disease and baseline body mass index: Pooled post hoc analysis of SUSTAIN 6 and PIONEER 6	duplicate (March set)
328	new		lean+rct	2001	JOUR	Howarth, NC	NUTRITION REVIEWS		Dietary fiber and weight regulation	exclude: no incretin-based drug intervention
329	dup-March	doi		2015	JOUR	Rodríguez, C	NUTRICION HOSPITALARIA	10.3305/nh.2015.31.5.8828	PERFORMANCE OF ENTERO-INSULAR AXIS IN AN ATHLETIC POPULATION: DIET AND EXERCISE INFLUENCE	duplicate (March set)
330	new		lean+drug+rct	2026	JOUR	Nicze, M	INTERNATIONAL JOURNAL OF MOLECULAR SCIENCES	10.3390/ijms27062539	Resistant and Refractory Obesity: The Complexity of Anti-Obesity Therapy Failure	exclude: review/editorial/opinion
331	new			2017	JOUR	Fui, MNT	JOURNAL OF THE ENDOCRINE SOCIETY	10.1210/js.2017-00062	Effect of Testosterone Treatment on Adipokines and Gut Hormones in Obese Men on a Hypocaloric Diet	exclude: population/indication outside scope or post-surgical
332	new		lean+drug+rct	2024	JOUR	Wachiraphansakul, N	PLOS ONE	10.1371/journal.pone.0297488	Comparative effectiveness of glucagon-like peptide-1 receptor agonists on body composition and anthropometric indices: A protocol for a systematic review and network meta-analysis of randomized controlled trials	exclude: protocol/design paper
333	new		lean+drug+rct	2026	JOUR	Ouyang, YQ	OBESITY SURGERY	10.1007/s11695-026-08838-4	Optimal Timing for Initiating Liraglutide 3.0 mg in Patients With Persistent Obesity Six Months After Metabolic and Bariatric Surgery	exclude: population/indication outside scope or post-surgical
334	new		lean+drug+rct	2021	JOUR	Clark, M	JOURNAL OF FELINE MEDICINE AND SURGERY	10.1177/1098612X211021540	Feline comorbidities: Pathophysiology and management of the obese diabetic cat	exclude: review/editorial/opinion
335	new		lean+drug+rct	2025	JOUR	Eliopoulos, AG	FRONTIERS IN NUTRITION	10.3389/fnut.2025.1524125	A perspective on intermittent fasting and cardiovascular risk in the era of obesity pharmacotherapy	exclude: review/editorial/opinion
336	new		lean+drug	2024	JOUR	Bai, Y	PHYTOMEDICINE	10.1016/j.phymed.2024.156100	Jiang Tang San Hao Formula exerts its anti-diabetic effect by affecting the gut-microbiota-brain axis	exclude: herbal formula; preclinical
337	new		drug	2010	JOUR	Leidy, HJ	OBESITY	10.1038/oby.2009.217	Food Form and Portion Size Affect Postprandial Appetite Sensations and Hormonal Responses in Healthy, Nonobese, Older Adults	exclude: non-pharmacological/diet-exercise study or acute physiology (no randomized incretin comparison with DXA)
338	new		lean+drug+rct	2026	JOUR	Corona, G	ANDROLOGY	10.1111/andr.70238	Emerging Effects of Glucagon-Like Peptide-1 Receptor Agonists and Sodium-Glucose Cotransporter 2 Inhibitors on Male Sexual Hormones and Behaviors: Systematic Review and Meta-Analysis	exclude: review/editorial/opinion
339	dup-March	doi		2020	JOUR	Devin, JK	JOURNAL OF CLINICAL ENDOCRINOLOGY & METABOLISM	10.1210/clinem/dgz028	Sitagliptin Decreases Visceral Fat and Blood Glucose in Women With Polycystic Ovarian Syndrome	duplicate (March set)
340	new		rct	2026	JOUR	Wan, KW	JAMA PEDIATRICS	10.1001/jamapediatrics.2026.2248	Obesity Management Pharmacotherapies and Lifestyle Treatment for Pediatric Obesity Management	exclude: paediatric population
341	new		lean+drug+rct	2024	JOUR	Chen, SY	CLINICAL SCIENCE	10.1042/CS20231016	Beneficial effects of simultaneously targeting calorie intake and calorie efficiency in diet-induced obese mice	exclude: review/editorial/opinion
342	new		lean+drug+rct	2020	JOUR	Janus, C	DIABETES	10.2337/db20-139-OR	Superior Effect of 1-Year Treatment with GLP-1 Receptor Agonist and Exercise on Weight Loss Maintenance and Body Composition after a Very Low-Calorie Diet: The S-LITE Randomized Trial	exclude: conference abstract of S-LiTE (trial already in expanded sensitivity set)
343	new		lean+drug+rct	2026	JOUR	Eisa, N	ENDOCRINE PRACTICE	10.1016/j.eprac.2025.11.018	Semaglutide Beyond Diabetes and Obesity: Systematic Review and Meta-Analysis of Multisystem Therapeutic Benefits	exclude: review/editorial/opinion
344	new		lean+rct	2017	JOUR	Campins, L	PHARMACOLOGY	10.1159/000448247	Oral Drugs Related with Muscle Wasting and Sarcopenia. A Review	exclude: review/editorial/opinion
345	dup-March	doi	lean+drug+rct	2026	JOUR	Dickerson, SM	ANIMALS	10.3390/ani16020259	Bifidobacterium animalis Subspecies lactis CECT 8145 Affects Markers of Metabolic Health in Dogs During Weight Gain and Weight Loss	duplicate (March set)
346	new		drug	2012	JOUR	Belobrajdic, DP	NUTRITION & METABOLISM	10.1186/1743-7075-9-93	Dietary resistant starch dose-dependently reduces adiposity in obesity-prone and obesity-resistant male rats	exclude: preclinical
347	new		rct	2017	JOUR	Hume, MP	AMERICAN JOURNAL OF CLINICAL NUTRITION	10.3945/ajcn.116.140947	Prebiotic supplementation improves appetite control in children with overweight and obesity: a randomized controlled trial	exclude: paediatric population
348	dup-March	doi	lean+drug+rct	2024	JOUR	Bagherzadeh-Rahmani, B	CLINICAL HEMORHEOLOGY AND MICROCIRCULATION	10.3233/CH-242134	RETRACTED: Tirzepatide and exercise training in obesity (Retracted Article)	duplicate (March set)
349	new		lean	2023	JOUR	Hany, M	OBESITY SURGERY	10.1007/s11695-022-06384-3	Effect of Weight Regain on Body Composition and Metabolic Biomarkers After Sleeve Gastrectomy: a Cross-Sectional Study from a Hospital Database	exclude: non-randomized design
350	new		lean+drug+rct	2021	JOUR	Fuglsang-Nielsen, R	EUROPEAN JOURNAL OF CLINICAL NUTRITION	10.1038/s41430-020-00759-4	Effects of whey protein and dietary fiber intake on insulin sensitivity, body composition, energy expenditure, blood pressure, and appetite in subjects with abdominal obesity	exclude: non-pharmacological/diet-exercise study or acute physiology (no randomized incretin comparison with DXA)
351	dup-Sept	title	lean+drug+rct	2026	JOUR	Peary, A	CURRENT ATHEROSCLEROSIS REPORTS	10.1007/s11883-026-01426-y	To Reenvision and Redefine: Considering the Role of Lifestyle Interventions in the New Era of Second-Generation Obesity Management Medications	duplicate (Sept set)
352	new		lean+drug+rct	2026	JOUR	McGowan, B	OBESITY FACTS	10.1159/000546855	Development of the European Association for the Study of Obesity (EASO) Grade-Based Framework on the Pharmacological Treatment of Obesity: Design and Methodological Aspects	exclude: review/editorial/opinion
353	dup-March	doi	lean	2025	JOUR	Jo, S	DIABETES OBESITY & METABOLISM	10.1111/dom.16223	Oral TIX100 protects against obesity-associated glucose intolerance and diet-induced adiposity	duplicate (March set)
354	dup-March	doi	lean	2018	JOUR	Zapata, RC	OBESITY	10.1002/oby.22136	Dietary Tryptophan Restriction Dose-Dependently Modulates Energy Balance, Gut Hormones, and Microbiota in Obesity-Prone Rats	duplicate (March set)
355	dup-March	doi	lean+rct	2013	JOUR	Werling, M	BRITISH JOURNAL OF SURGERY	10.1002/bjs.8975	Long-term results of a randomized clinical trial comparing Roux-en-Y gastric bypass with vertical banded gastroplasty	duplicate (March set)
356	dup-March	doi	lean+drug+rct	2024	JOUR	Pandey, A	JOURNAL OF CACHEXIA SARCOPENIA AND MUSCLE	10.1002/jcsm.13445	Effect of liraglutide on thigh muscle fat and muscle composition in adults with overweight or obesity: Results from a randomized clinical trial	duplicate (March set)
357	dup-March	doi	lean+drug+rct	2025	JOUR	Cifuentes, L	CELL METABOLISM	10.1016/j.cmet.2025.05.008	Genetic and physiological insights into satiation variability predict responses to obesity treatment	duplicate (March set)
358	dup-March	doi	rct	2010	JOUR	Grau, K	AMERICAN JOURNAL OF CLINICAL NUTRITION	10.3945/ajcn.2009.27947	TCF7L2 rs7903146-macronutrient interaction in obese individuals' responses to a 10-wk randomized hypoenergetic diet	duplicate (March set)
359	new		lean+drug+rct	2025	JOUR	Apperley, L	JOURNAL OF CLINICAL RESEARCH IN PEDIATRIC ENDOCRINOLOGY	10.4274/jcrpe.galenos.2024.2023-10-10	Liraglutide Treatment Improves Glycaemic Dysregulation, Body Composition, Cardiometabolic Variables and Uncontrolled Eating Behaviour in Adolescents with Severe Obesity	exclude: adolescents; single-arm
360	new		lean+rct	2026	JOUR	Pahulu, I	JNCI CANCER SPECTRUM	10.1093/jncics/pkag014	Diet, nutrition, and hormone therapy for prostate cancer: a systematic review with implications for future interventions	exclude: review/editorial/opinion
361	new		drug+rct	2023	JOUR	Yan, YL	FRONTIERS IN ENDOCRINOLOGY	10.3389/fendo.2023.1170127	Utilization of glucagon-like peptide-1 receptor agonists in children and adolescents in China: a real-world study	exclude: children/adolescents; real-world
362	dup-March	doi	lean+drug	2024	JOUR	Sanchis, MD	NUTRICION HOSPITALARIA	10.20960/nh.04995	Impact on weight loss and body composition of a food education intervention associated with liraglutide treatment to address obesity	duplicate (March set)
363	dup-Sept	title	lean+drug+rct	2026	JOUR	Farrell, AM	JHEP REPORTS	10.1016/j.jhepr.2026.101787	Very low energy ketogenic diet vs. Mediterranean diet for MASLD: Superior steatosis reduction in a randomised pilot study	duplicate (Sept set)
364	new		lean+drug	2017	JOUR	Hazell, TJ	EUROPEAN JOURNAL OF APPLIED PHYSIOLOGY	10.1007/s00421-017-3547-7	Sex differences in the response of total PYY and GLP-1 to moderate-intensity continuous and sprint interval cycling exercise	exclude: review/editorial/opinion
365	new		lean+drug+rct	2025	JOUR	Song, CE	ENDOCRINE METABOLIC & IMMUNE DISORDERS-DRUG TARGETS	10.2174/0118715303283400240521120048	Efficacy and Safety of Semaglutide in Weight Loss Non-diabetic People	exclude: retrospective; no DXA
366	new		lean+drug+rct	2026	JOUR	Tomasello, A	JOURNAL OF ALLERGY AND CLINICAL IMMUNOLOGY: GLOBAL	10.1016/j.jacig.2025.100627	Untangling obese asthma: Design of proof-of-concept study of semaglutide in poorly controlled asthma	exclude: asthma population; protocol
367	new		drug+rct	2025	JOUR	Kadowaki, T	OBESITY RESEARCH & CLINICAL PRACTICE	10.1016/j.orcp.2025.03.003	Effect of once-weekly subcutaneous semaglutide on abdominal visceral fat area in Japanese adults with overweight and obesity: A post hoc analysis of the STEP 6 trial	exclude: STEP 6 post hoc; visceral fat by CT, not DXA
368	new		lean+drug+rct	2024	JOUR	Kondo, Y	DIABETOLOGY INTERNATIONAL	10.1007/s13340-024-00717-6	Effects of dulaglutide and trelagliptin on beta-cell function in patients with type 2 diabetes: a randomized controlled study: DUET-beta study	exclude: preclinical
369	new		drug+rct	2024	JOUR	Samarasinghe, SNS	OBESITY REVIEWS	10.1111/obr.13744	Impact of insulin sensitization on metabolic and fertility outcomes in women with polycystic ovary syndrome and overweight or obesity-A systematic review, meta-analysis, and meta-regression	exclude: PCOS population
370	dup-March	doi	lean+rct	2024	JOUR	He, YM	AMERICAN JOURNAL OF CLINICAL NUTRITION	10.1016/j.ajcnut.2024.05.017	Curcumin supplementation alleviates hepatic fat content associated with modulation of gut microbiota-dependent bile acid metabolism in patients with nonalcoholic simple fatty liver disease: a randomized controlled trial	duplicate (March set)
371	new		lean+drug+rct	2021	JOUR	Sandoval, C	INTERNATIONAL JOURNAL OF FOOD SCIENCES AND NUTRITION	10.1080/09637486.2020.1868412	Effectiveness of intermittent fasting to potentiate weight loss or muscle gains in humans younger than 60 years old: a systematic review	exclude: review/editorial/opinion
372	dup-March	doi	lean+rct	2024	JOUR	Geraldi, MV	NUTRITION RESEARCH	10.1016/j.nutres.2024.02.008	Jaboticaba peel improves postprandial glucose and inflammation: A randomized controlled trial in adults with metabolic syndrome	duplicate (March set)
373	dup-March	doi	lean	2022	JOUR	Ferguson, LD	RHEUMATOLOGY	10.1093/rheumatology/keab474	Effect of the phosphodiesterase 4 inhibitor apremilast on cardiometabolic outcomes in psoriatic disease-results of the Immune Metabolic Associations in Psoriatic Arthritis study	duplicate (March set)
374	new		lean+rct	2016	JOUR	Bomhof, MR	FASEB JOURNAL	10.1096/fj.201600151R	Improvement in adiposity with oligofructose is modified by antibiotics in obese rats	exclude: preclinical
375	new		lean+drug+rct	2026	JOUR	Amioka, M	DIABETES OBESITY & METABOLISM	10.1111/dom.71162	Low-Dose Tirzepatide for Obesity: Comparative Efficacy of 2.5 mg Versus 5 mg in Non-Diabetic Japanese Adults	exclude: non-randomised cohort
376	new		lean+rct	2012	JOUR	Morenga, L	BRITISH JOURNAL OF NUTRITION	10.1017/S0007114512002437	The role of high-protein diets in body weight management and health	exclude: review/editorial/opinion
377	dup-March	doi	lean+rct	2024	JOUR	Rodrigo-Carbó, C	DIABETES OBESITY & METABOLISM	10.1111/dom.16013	Low-calorie, high-protein diets, regardless of protein source, improve glucose metabolism and cardiometabolic profiles in subjects with prediabetes or type 2 diabetes and overweight or obesity	duplicate (March set)
378	new		lean+drug+rct	2021	JOUR	Kuchay, MS	BIOMEDICINES	10.3390/biomedicines9101346	Non-Alcoholic Fatty Liver Disease in Lean and Non-Obese Individuals: Current and Future Challenges	exclude: review/editorial/opinion
379	new		lean+drug+rct	2023	JOUR	Genchi, VA	METABOLISM AND TARGET ORGAN DAMAGE	10.20517/mtod.2023.06	New antidiabetic drugs' role in the management of testosterone deficiency and of the cardiovascular disease in hypogonadal diabetic men	exclude: review/editorial/opinion
380	new			2015	JOUR	Cluny, NL	OBESITY	10.1002/oby.21017	Interactive Effects of Oligofructose and Obesity Predisposition on Gut Hormones and Microbiota in Diet-Induced Obese Rats	exclude: preclinical
381	new		lean+drug+rct	2026	JOUR	Lisante, TA	DERMATOLOGIC SURGERY	10.1097/DSS.0000000000005181	A Novel Cosmetic Anti-inflammatory Peptide With Firming and Lifting Benefits: The Potential for Adjunctive Care for Skin Laxity Associated With Weight Loss	exclude: review/editorial/opinion
382	new		lean+rct	2018	JOUR	Chia, CW	CIRCULATION RESEARCH	10.1161/CIRCRESAHA.118.312806	Age-Related Changes in Glucose Metabolism, Hyperglycemia, and Cardiovascular Risk	exclude: no incretin-based drug intervention
383	dup-March	doi	lean+rct	2018	JOUR	Higgins, KA	JOURNAL OF NUTRITION	10.1093/jn/nxy021	Aspartame Consumption for 12 Weeks Does Not Affect Glycemia, Appetite, or Body Weight of Healthy, Lean Adults in a Randomized Controlled Trial	duplicate (March set)
384	new			2014	JOUR	Lee, EY	METABOLISM-CLINICAL AND EXPERIMENTAL	10.1016/j.metabol.2014.02.011	Anti-obesity effects of KR-66195, a synthetic DPP-IV inhibitor, in diet-induced obese mice and obese-diabetic ob/ob mice	exclude: preclinical
385	new		drug	2017	JOUR	Seko, Y	HEPATOLOGY RESEARCH	10.1111/hepr.12837	Effect of 12-week dulaglutide therapy in Japanese patients with biopsy-proven non-alcoholic fatty liver disease and type 2 diabetes mellitus	exclude: population/indication outside scope or post-surgical
386	new		lean+drug+rct	2025	JOUR	Jayasinghe, T	NUTRIENTS	10.3390/nu17071146	Dietary Fibre Modulates Body Composition, Blood Glucose, Inflammation, Microbiome, and Metabolome in a Murine Model of Periodontitis	exclude: preclinical
387	dup-March	doi	lean+drug+rct	2025	JOUR	Packer, M	JACC-JOURNAL OF THE AMERICAN COLLEGE OF CARDIOLOGY	10.1016/j.jacc.2025.03.009	Interplay of Chronic Kidney Disease and the Effects of Tirzepatide in Patients With Heart Failure, Preserved Ejection Fraction, and Obesity The SUMMIT Trial	duplicate (March set)
388	new		lean+drug+rct	2018	JOUR	Capristo, E	DIABETES & METABOLISM	10.1016/j.diabet.2017.12.007	Intensive lifestyle modifications with or without liraglutide 3 mg vs. sleeve gastrectomy: A three-arm non-randomised, controlled, pilot study	exclude: non-randomised
389	dup-March	doi	lean+drug+rct	2022	JOUR	Kadowaki, T	LANCET DIABETES & ENDOCRINOLOGY	10.1016/S2213-8587(22)00008-0	Semaglutide once a week in adults with overweight or obesity, with or without type 2 diabetes in an east Asian population (STEP 6): a randomised, double-blind, double-dummy, placebo-controlled, phase 3a trial	duplicate (March set)
390	new		rct	2021	JOUR	Hwalla, N	DIAGNOSTICS	10.3390/diagnostics11010024	Dietary Management of Obesity: A Review of the Evidence	exclude: review/editorial/opinion
391	new		lean	2012	JOUR	Arora, T	PLOS ONE	10.1371/journal.pone.0043263	Differential Effects of Two Fermentable Carbohydrates on Central Appetite Regulation and Body Composition	exclude: no incretin-based drug intervention
392	dup-March	doi	lean+drug+rct	2013	JOUR	Kashyap, SR	DIABETES CARE	10.2337/dc12-1596	Metabolic Effects of Bariatric Surgery in Patients With Moderate Obesity and Type 2 Diabetes Analysis of a randomized control trial comparing surgery with intensive medical treatment	duplicate (March set)
393	new		lean+drug+rct	2023	JOUR	Hernández-Montoliu, L	FRONTIERS IN ENDOCRINOLOGY	10.3389/fendo.2023.1181744	A specific gut microbiota signature is associated with an enhanced GLP-1 and GLP-2 secretion and improved metabolic control in patients with type 2 diabetes after metabolic Roux-en-Y gastric bypass	exclude: population/indication outside scope or post-surgical
394	dup-March	doi	lean+drug+rct	2024	JOUR	Dogan, ADA	BMC RESEARCH NOTES	10.1186/s13104-024-06820-w	FDG-PET/CT-based respiration-gated lung segmentation and quantification of lung inflammation in COPD patients	duplicate (March set)
395	new		lean+drug+rct	2026	JOUR	Younglove, C	OBESITY PILLARS	10.1016/j.obpill.2026.100258	Clinical review: Menopause hormone therapy in weight management	exclude: review/editorial/opinion
396	new		lean+rct	2023	JOUR	Tee, CCL	SPORTS MEDICINE	10.1007/s40279-022-01782-0	Mechanisms for Combined Hypoxic Conditioning and Divergent Exercise Modes to Regulate Inflammation, Body Composition, Appetite, and Blood Glucose Homeostasis in Overweight and Obese Adults: A Narrative Review	exclude: review/editorial/opinion
397	new		lean	2026	JOUR	Liu, JJ	COMMUNICATIONS MEDICINE	10.1038/s43856-026-01379-y	Mendelian randomization study of GLP-1R effects on ovarian cancer subtypes mediated by metabolic factors	exclude: Mendelian randomization
398	new		drug+rct	2025	JOUR	Lundanes, J	CLINICAL NUTRITION ESPEN	10.1016/j.clnesp.2024.11.018	Gastrointestinal hormones and subjective ratings of appetite after low-carbohydrate vs low-fat low-energy diets in females with lipedema- A randomized controlled trial	exclude: non-pharmacological/diet-exercise study or acute physiology (no randomized incretin comparison with DXA)
399	new		drug+rct	2020	JOUR	Son, JW	DIABETES & METABOLISM JOURNAL	10.4093/dmj.2020.0258	Comprehensive Review of Current and Upcoming Anti-Obesity Drugs	exclude: review/editorial/opinion
400	new		lean+drug+rct	2026	JOUR	Canecki-Varzic, S	FRONTIERS IN AGING	10.3389/fragi.2026.1834323	From obesity to healthy longevity: a consensus-based clinical framework for diagnosis, staging, and treatment	exclude: review/editorial/opinion
401	new			2020	JOUR	Miller, BS	JOURNAL OF CLINICAL ENDOCRINOLOGY & METABOLISM	10.1210/clinem/dgz149	Long-Acting Growth Hormone Preparations - Current Status and Future Considerations	exclude: review/editorial/opinion
402	new		lean+rct	2018	JOUR	Singh, A	JOURNAL OF NUTRITIONAL BIOCHEMISTRY	10.1016/j.jnutbio.2018.05.017	Inulin fiber dose-dependently modulates energy balance, glucose tolerance, gut microbiota, hormones and diet preference in high-fat-fed male rats	exclude: preclinical
403	dup-March	doi	lean+drug+rct	2024	JOUR	Konstantinidou, SK	DIABETES OBESITY & METABOLISM	10.1111/dom.15642	Total and H-specific growth/differentiation factor 15 levels are unaffected by liraglutide or naltrexone/bupropion administration	duplicate (March set)
404	new		lean+drug+rct	2026	JOUR	Azam, MH	DIABETES OBESITY & METABOLISM	10.1111/dom.70643	Efficacy and Safety of Mazdutide in Managing Overweight and Obesity Among Non-Diabetic Adults: A Meta-Analysis of Randomised Controlled Trials	exclude: review/editorial/opinion
405	new		lean+drug	2017	JOUR	Wang, ZX	DIABETES RESEARCH AND CLINICAL PRACTICE	10.1016/j.diabres.2017.05.012	Effects of saxagliptin on glucose homeostasis and body composition of obese patients with newly diagnosed pre-diabetes	exclude: DPP-4 inhibitor
406	new		lean+drug+rct	2025	JOUR	Snaith, JR	DIABETOLOGIA		Tirzepatide reduces weight and insulin dose and improves body composition in type 1 diabetes: a 12-week, randomised, doubleblind, placebo-controlled trial (TIRTLE1)	exclude: type 1 diabetes; 12 weeks
407	dup-March	doi	lean+drug+rct	2020	JOUR	Guerrero-Pérez, F	OBESITY SURGERY	10.1007/s11695-019-04127-5	Changes in Bone Mineral Density in Patients with Type 2 Diabetes After Different Bariatric Surgery Procedures and the Role of Gastrointestinal Hormones	duplicate (March set)
408	new		drug+rct	2026	JOUR	Alnaimi, SJ	CLINICAL OBESITY	10.1111/cob.70092	Weight-Lowering Drugs and Natural Female Fertility-A Systematic Review and Meta-Analysis	exclude: review/editorial/opinion
409	new		lean+drug+rct	2026	JOUR	Stanley, C	NATURE MEDICINE	10.1038/s41591-026-04416-4	Semaglutide versus placebo in individuals with poor weight loss after bariatric surgery: a double-blinded, randomized, placebo-controlled trial	full text assessed: BARI-STEP (Nat Med 2026): post-bariatric population; not phase 3 (investigator-initiated); body composition by bioelectrical impedance, not DXA
410	dup-March	doi	lean+drug+rct	2023	JOUR	Liu, L	EXPERIMENTAL AND CLINICAL ENDOCRINOLOGY & DIABETES	10.1055/a-2145-1004	Insulin Glargine is More Suitable Than Exenatide in Preventing Muscle Loss in Non-Obese Type 2 Diabetic Patients with NAFLD	duplicate (March set)
411	new		dxa+rct	2009	JOUR	Sloth, B	BRITISH JOURNAL OF NUTRITION	10.1017/S0007114508137710	The effect of a high-MUFA, low-glycaemic index diet and a low-fat diet on appetite and glucose metabolism during a 6-month weight maintenance period	exclude: no incretin-based drug intervention
412	new		lean+drug+rct	2023	JOUR	Wadden, TA	CURRENT OBESITY REPORTS	10.1007/s13679-023-00534-z	The Role of Lifestyle Modification with Second-Generation Anti-obesity Medications: Comparisons, Questions, and Clinical Opportunities	exclude: review/editorial/opinion
413	dup-March	doi	lean+rct	2024	JOUR	Shepherd, AI	JOURNAL OF PHYSIOLOGY-LONDON	10.1113/JP285322	Impact of nocturnal hypoxia on glycaemic control, appetite, gut microbiota and inflammation in adults with type 2 diabetes mellitus: A single-blind cross-over trial	duplicate (March set)
414	dup-March	doi	drug+rct	2023	JOUR	Bogh, AF	SLEEP	10.1093/sleep/zsac295	Insufficient sleep predicts poor weight loss maintenance after 1 year	duplicate (March set)
415	new			2015	JOUR	Jensen, DE	PEDIATRIC OBESITY	10.1111/ijpo.275	Fasting gut hormone levels change with modest weight loss in obese adolescents	exclude: no incretin-based drug intervention
416	dup-Sept	title	lean+drug+rct	2026	JOUR	Huang, YS	OBESITY SURGERY	10.1007/s11695-026-08748-5	Early Adjuvant Treatment with Semaglutide After Sleeve Gastrectomy in Patients with Class II-III Obesity: A Prospective Non-Randomized Controlled Study	duplicate (Sept set)
417	dup-March	doi	lean+rct	2025	JOUR	Mateos, IC	JOURNAL OF MEDICAL INTERNET RESEARCH	10.2196/60758	Efficacy of a Digital Educational Intervention for Patients With Type 2 Diabetes Mellitus: Multicenter, Randomized, Prospective, 6-Month Follow-Up Study	duplicate (March set)
418	dup-March	doi	lean+drug+rct	2018	JOUR	Malin, SK	JOURNAL OF APPLIED PHYSIOLOGY	10.1152/japplphysiol.00680.2018	Impact of short-term exercise training intensity on β-cell function in older obese adults with prediabetes	duplicate (March set)
419	new		dxa+lean+drug+rct	2022	JOUR	Stentz, FB	OBESITY PILLARS	10.1016/j.obpill.2022.100047	Decreased cardiovascular risk factors and inflammation with remission of type 2 diabetes in adults with obesity using a high protein diet: Randomized control trial	exclude: non-pharmacological/diet-exercise study or acute physiology (no randomized incretin comparison with DXA)
420	new			2010	JOUR	Solomon, TPJ	AMERICAN JOURNAL OF CLINICAL NUTRITION	10.3945/ajcn.2010.29771	A low-glycemic index diet combined with exercise reduces insulin resistance, postprandial hyperinsulinemia, and glucose-dependent insulinotropic polypeptide responses in obese, prediabetic humans	exclude: no incretin-based drug intervention
421	new		dxa+drug	2015	JOUR	Hegazy, SK	JOURNAL OF BONE AND MINERAL METABOLISM	10.1007/s00774-014-0581-y	Evaluation of the anti-osteoporotic effects of metformin and sitagliptin in postmenopausal diabetic women	exclude: population/indication outside scope or post-surgical
422	dup-Sept	title	lean+drug+rct	2026	JOUR	Lappin, JM	SCHIZOPHRENIA RESEARCH	10.1016/j.schres.2026.06.021	Weight loss and gut microbial changes associated with semaglutide among people living with schizophrenia receiving clozapine or olanzapine: An open-label 24-week semaglutide intervention and 76-week trial	duplicate (Sept set)
423	new		lean+drug+rct	2010	JOUR	Kazda, CM	DIABETES & METABOLISM	10.1016/S1262-3636(10)70088-4	Effect of exenatide and glimeripide on weight, body composition and distribution of body fat. Results of a prospective, randomized controlled and 9 months.	full text assessed: 2010 congress abstract (Diabetes Metab suppl), 9-month exenatide vs glimepiride; not phase 3; no DXA data retrievable
424	new		lean+drug+rct	2013	JOUR	Forbes, JM	JOURNAL OF NUTRITIONAL BIOCHEMISTRY	10.1016/j.jnutbio.2012.09.009	Glucose homeostasis can be differentially modulated by varying individual components of a western diet	exclude: non-pharmacological/diet-exercise study or acute physiology (no randomized incretin comparison with DXA)
425	dup-March	doi	dxa+drug+rct	2021	JOUR	Brzozowska, MM	INTERNATIONAL JOURNAL OF OBESITY	10.1038/s41366-020-00660-x	Roux-en-Y gastric bypass and gastric sleeve surgery result in long term bone loss	duplicate (March set)
426	new		rct	2026	JOUR	Corrado, RL	ANNALS OF INTERNAL MEDICINE	10.7326/ANNALS-26-00676	Adult Overweight and Obesity Management: Updates From the 2025 US Department of Veterans Affairs and US Department of Defense Clinical Practice Guidelines	exclude: no incretin-based drug intervention
427	dup-March	title	lean+drug+rct	2018	JOUR	Feng, WH	DIABETES	10.2337/db18-1344-P	Effect of Liraglutide, Metformin, and Gliclazide on Body Composition in Type 2 Diabetic Patients with Nonalcoholic Fatty Liver Disease-A Randomised Trial	duplicate (March set)
428	new		lean+drug+rct	2023	JOUR	Mesinovic, J	DIABETES & METABOLISM JOURNAL	10.4093/dmj.2023.0112	Type 2 Diabetes Mellitus and Sarcopenia as Comorbid Chronic Diseases in Older Adults: Established and Emerging Treatments and Therapies	exclude: review/editorial/opinion
429	dup-March	doi	lean+drug+rct	2024	JOUR	Talay, L	DIABETES OBESITY & METABOLISM	10.1111/dom.15903	The effectiveness and sustainability of health outcomes from a holistic digital weight-loss service with concomitant initiation of tirzepatide: A pragmatic randomized controlled trial in the UK	duplicate (March set)
430	dup-March	title	lean+drug+rct	2016	JOUR	Kistorp, C	DIABETOLOGIA		The effect of liraglutide on body composition among patients with heart failure with and without type 2 diabetes: a sub-study from the LIVE randomised clinical trial	duplicate (March set)
431	new		lean+drug+rct	2026	JOUR	Peng, TH	DIABETES METABOLIC SYNDROME AND OBESITY	10.2147/DMSO.S590529	The Effects of Exercise Combined with Pharmacotherapy on Body Composition and Metabolic Parameters in Overweight/Obese Adults: A Meta-Analysis and Network Pharmacology Study	exclude: exercise co-intervention; not phase 3
432	new		rct	2017	JOUR	Matu, J	APPETITE	10.1016/j.appet.2017.02.041	The effect of moderate versus severe simulated altitude on appetite, gut hormones, energy intake and substrate oxidation in men	exclude: no incretin-based drug intervention
433	new		drug+rct	2022	JOUR	Keskin, L	EUROPEAN REVIEW FOR MEDICAL AND PHARMACOLOGICAL SCIENCES		Comparison of the effect of liraglutide and metformin therapy on the disease regulation and weight loss in obese patients with Type 2 diabetes mellitus	exclude: not phase 3; no DXA
434	new		lean+drug+rct	2023	JOUR	Mellen, RH	BIOMEDICINES	10.3390/biomedicines11010136	Insights into Pathogenesis, Nutritional and Drug Approach in Sarcopenia: A Systematic Review	exclude: review/editorial/opinion
435	new		lean+drug+rct	2024	JOUR	Nilsson, MI	NUTRIENTS	10.3390/nu16244407	Obesity and Metabolic Disease Impair the Anabolic Response to Protein Supplementation and Resistance Exercise: A Retrospective Analysis of a Randomized Clinical Trial with Implications for Aging, Sarcopenic Obesity, and Weight Management	exclude: non-randomized design
436	new		lean+drug+rct	2026	JOUR	Bansal, MB	HEPATOLOGY	10.1097/HEP.0000000000001608	Semaglutide therapy for metabolic dysfunction-associated steatohepatitis: November 2025 updates to AASLD Practice Guidance	exclude: review/editorial/opinion
437	dup-March	doi	rct	2024	JOUR	Trico, òD	DIABETOLOGIA	10.1007/s00125-023-06045-9	Early time-restricted carbohydrate consumption vs conventional dieting in type 2 diabetes: a randomised controlled trial	duplicate (March set)
438	new			2025	JOUR	Wilms, JN	JOURNAL OF DAIRY SCIENCE	10.3168/jds.2025-26331	Inclusion of a spray-dried fat concentrate containing tributyrin and tricaproin in milk replacer increased feed intake and growth and elicited metabolic and endocrine responses in calves fed ad libitum	exclude: preclinical
439	dup-March	doi	lean+drug+rct	2025	JOUR	Herman, R	TRIALS	10.1186/s13063-025-09045-9	Effect of tirzepatide-induced weight loss on adipose tissue in obesity: rationale and design of the randomized placebo-controlled Tirzepatide Brown and Beige Adipose Tissue Activation (TABFAT) trial	duplicate (March set)
440	new		lean	2015	JOUR	Pezeshki, A	JOURNAL OF NUTRITION	10.3945/jn.115.213843	Dietary Whey and Casein Differentially Affect Energy Balance, Gut Hormones, Glucose Metabolism, and Taste Preference in Diet-Induced Obese Rats	exclude: preclinical
441	new			2014	JOUR	Bomhof, MR	OBESITY	10.1002/oby.20632	Combined Effects of Oligofructose and Bifidobacterium animalis on Gut Microbiota and Glycemia in Obese Rats	exclude: preclinical
442	new		lean+drug	2020	JOUR	Hassanzadeh-Rostami, Z	JOURNAL OF FUNCTIONAL FOODS	10.1016/j.jff.2019.103743	Effects of biscuit fortified with whey protein isolate and wheat bran on weight loss, energy intake, appetite score, and appetite regulating hormones among overweight or obese adults	exclude: non-pharmacological/diet-exercise study or acute physiology (no randomized incretin comparison with DXA)
443	new		drug+rct	2025	JOUR	Wyckoff, JA	JOURNAL OF CLINICAL ENDOCRINOLOGY & METABOLISM	10.1210/clinem/dgaf288	Preexisting Diabetes and Pregnancy: An Endocrine Society and European Society of Endocrinology Joint Clinical Practice Guideline	exclude: review/editorial/opinion
444	new		drug+rct	2025	JOUR	Wyckoff, JA	EUROPEAN JOURNAL OF ENDOCRINOLOGY	10.1093/ejendo/lvaf116	Preexisting Diabetes and Pregnancy: An Endocrine Society and European Society of Endocrinology Joint Clinical Practice Guideline	exclude: review/editorial/opinion
445	new		lean+drug+rct	2025	JOUR	Czernichow, S	OBESITY REVIEWS	10.1111/obr.13890	Nutritional and functional outcomes in trials of nutrient-stimulated hormone-based therapy-A systematic mapping review	exclude: review/editorial/opinion
446	dup-March	doi	lean+drug+rct	2025	JOUR	Sattar, N	LANCET DIABETES & ENDOCRINOLOGY	10.1016/S2213-8587(25)00027-0	Tirzepatide and muscle composition changes in people with type 2 diabetes (SURPASS-3 MRI): a post-hoc analysis of a randomised, open-label, parallel-group, phase 3 trial	duplicate (March set)
447	new		drug+rct	2024	JOUR	Alshammaa, ZAA	PLANT SCIENCE TODAY	10.14719/pst.3206	The metabolic effect of medicinal plants and synthetic anti-obesity products on human health	exclude: narrative review
448	new		rct	2024	JOUR	Torbahn, G	PEDIATRIC OBESITY	10.1111/ijpo.13113	Pharmacological interventions for the management of children and adolescents living with obesity-An update of a Cochrane systematic review with meta-analyses	exclude: review/editorial/opinion
449	new		lean+drug+rct	2026	JOUR	Nguyen, AT	CASE REPORTS IN PEDIATRICS	10.1155/crpe/5562574	Access Barriers and Variable Response to Semaglutide in Severe Adolescent Obesity: A Case Series	exclude: adolescents; case series
450	dup-March	doi	lean+drug+rct	2022	JOUR	Yu, DN	FRONTIERS IN ENDOCRINOLOGY	10.3389/fendo.2022.951570	Effects of liraglutide or lifestyle interventions combined with other antidiabetic drugs on abdominal fat distribution in people with obesity and type 2 diabetes mellitus evaluated by the energy spectrum ct: A prospective randomized controlled study	duplicate (March set)
451	new		lean+drug+rct	2016	JOUR	Mekjavic, IB	FRONTIERS IN PHYSIOLOGY	10.3389/fphys.2016.00202	The Effect of Normobaric Hypoxic Confinement on Metabolism, Gut Hormones, and Body Composition	exclude: non-pharmacological/diet-exercise study or acute physiology (no randomized incretin comparison with DXA)
452	new		lean+rct	2017	JOUR	Canfora, EE	GASTROENTEROLOGY	10.1053/j.gastro.2017.03.051	Supplementation of Diet With Galacto-oligosaccharides Increases Bifidobacteria, but Not Insulin Sensitivity, in Obese Prediabetic Individuals	exclude: no incretin-based drug intervention
453	new		lean+drug+rct	2024	JOUR	Wittert, G	CURRENT OPINION IN ENDOCRINOLOGY DIABETES AND OBESITY	10.1097/MED.0000000000000884	Testosterone and the prevention of type 2 diabetes mellitus: therapeutic implications from recent trials	exclude: review/editorial/opinion
454	new		dxa+lean+drug+rct	2019	JOUR	Arterburn, LM	OBESITY SCIENCE & PRACTICE	10.1002/osp4.312	Randomized controlled trial assessing two commercial weight loss programs in adults with overweight or obesity	exclude: commercial weight-loss programmes; no incretin drug
455	new		lean+drug+rct	2026	JOUR	Isyrofi, AN	JOURNAL OF NUTRITIONAL SCIENCE	10.1017/jns.2026.10127	Clinical and mechanistic evidence on metabolic effects of oat β-glucan, rice bran, and unripe banana flour: a systematic review with mechanism-informed synthesis	exclude: review/editorial/opinion
456	new		lean+drug+rct	2026	JOUR	Patel, AB	LIVERS	10.3390/livers6040069	Nutritional Assessment and Management in MASLD: A Practical Guide for Primary Care	exclude: population/indication outside scope or post-surgical
457	new			2016	JOUR	Hinshaw, L	JOURNAL OF CLINICAL ENDOCRINOLOGY & METABOLISM	10.1210/jc.2015-3952	Effect of Pramlintide on Postprandial Glucose Fluxes in Type 1 Diabetes	exclude: population/indication outside scope or post-surgical
458	new		lean+drug+rct	2025	JOUR	Dell'Isola, A	OSTEOARTHRITIS AND CARTILAGE	10.1016/j.joca.2025.08.015	Osteoarthritis year in review 2025: Epidemiology and therapy	exclude: review/editorial/opinion
459	new		lean+drug+rct	2025	JOUR	Korzepa, M	EUROPEAN JOURNAL OF NUTRITION	10.1007/s00394-025-03605-0	Postprandial plasma amino acid and appetite responses to a low protein breakfast supplemented with whey or pea protein in middle-to-older aged adults	exclude: non-pharmacological/diet-exercise study or acute physiology (no randomized incretin comparison with DXA)
460	new		lean+drug	2024	JOUR	Hashemy, H	DIABETES OBESITY & METABOLISM	10.1111/dom.15542	Analyses of potential causal contributors to increased waist/hip ratio-associated cardiometabolic disease: A combined and sex-stratified Mendelian randomization study	exclude: Mendelian randomization
461	new		drug+rct	2022	JOUR	Mekjavic, IB	FRONTIERS IN PHYSIOLOGY	10.3389/fphys.2021.801833	Energy Intake of Men With Excess Weight During Normobaric Hypoxic Confinement	exclude: non-pharmacological/diet-exercise study or acute physiology (no randomized incretin comparison with DXA)
462	new		drug+rct	2023	JOUR	Wen, Q	FRONTIERS IN ENDOCRINOLOGY	10.3389/fendo.2023.1156521	Short-term effect of beinaglutide combined with metformin versus metformin alone on weight loss and metabolic profiles in obese patients with polycystic ovary syndrome: a pilot randomized trial	exclude: beinaglutide (not approved by FDA/EMA)
463	new		lean+drug+rct	2026	JOUR	Jin, YY	FRONTIERS IN MICROBIOLOGY	10.3389/fmicb.2026.1817839	"From ""spleen governing muscle"" to gut microbiota: mechanisms of sarcopenic obesity in perimenopausal women"	exclude: review/editorial/opinion
464	new		drug	2002	JOUR	Gannon, MC	AMERICAN JOURNAL OF CLINICAL NUTRITION	10.1093/ajcn/76.6.1302	The metabolic response to ingested glycine	exclude: non-pharmacological/diet-exercise study or acute physiology (no randomized incretin comparison with DXA)
465	new		drug	2021	JOUR	Acosta, A	OBESITY	10.1002/oby.23120	Selection of Antiobesity Medications Based on Phenotypes Enhances Weight Loss: A Pragmatic Trial in an Obesity Clinic	exclude: pragmatic phenotype trial; no DXA
466	new		lean+drug+rct	2026	JOUR	Morland, T	PILOT AND FEASIBILITY STUDIES	10.1186/s40814-026-01828-4	Effects of a hybrid online/in-person implementation of the complete health improvement program on biomarkers, biometrics, and drug utilization in type 2 diabetes mellitus: a pilot randomized-controlled trial	exclude: lifestyle programme; no incretin drug
467	new		drug+rct	2026	JOUR	Belury, MA	DIABETES OBESITY & METABOLISM	10.1111/dom.71237	Dietary Soybean vs. Palm Oils Differ in Effects on Liver Fat in Adults With MAFLD: A 16-Week, Double-Masked, Randomized Controlled Trial	exclude: population/indication outside scope or post-surgical
468	new		lean	2016	JOUR	Soto, M	PHYSIOLOGY & BEHAVIOR	10.1016/j.physbeh.2015.11.012	Intermittent access to a sucrose solution impairs metabolism in obesity-prone but not obesity-resistant mice	exclude: preclinical
469	new		lean+drug+rct	2025	JOUR	Kang, I	NUTRIENTS	10.3390/nu17172801	Barley-Based Cereals Enhance Metabolic Health and Satiety in Overweight Korean Adults: A Randomized Trial	exclude: non-pharmacological/diet-exercise study or acute physiology (no randomized incretin comparison with DXA)
470	new		drug+rct	2018	JOUR	Perna, S	CLINICAL PHARMACOLOGY-ADVANCES AND APPLICATIONS	10.2147/CPAA.S164785	12-month effects of incretins versus SGLT2-Inhibitors on cognitive performance and metabolic profile. A randomized clinical trial in the elderly with Type-2 diabetes mellitus	exclude: cognitive outcomes; no DXA
471	new		lean+drug+rct	2019	JOUR	Holland, JA	DIABETES OBESITY & METABOLISM	10.1111/dom.13813	Impact of intentional weight loss on diabetic kidney disease	exclude: population/indication outside scope or post-surgical
472	new		lean+drug+rct	2025	JOUR	Yeap, BB	DRUGS & AGING	10.1007/s40266-025-01209-1	Testosterone Therapy in Older Men: Present and Future Considerations	exclude: review/editorial/opinion
473	new		lean+drug+rct	2020	JOUR	Kashyap, SR	OBESITY SCIENCE & PRACTICE	10.1002/osp4.409	Double-blinded, randomized, and controlled study on the effects of canagliflozin after bariatric surgery: A pilot study	exclude: population/indication outside scope or post-surgical
474	new		lean+drug+rct	2025	JOUR	Scheit, L	JOURNAL OF OCCUPATIONAL MEDICINE AND TOXICOLOGY	10.1186/s12995-025-00480-7	Prevention and intervention against obesity and overweight in the military: a systematic review	exclude: review/editorial/opinion
475	new		lean+drug+rct	2026	JOUR	Al Qudah, J	FRONTIERS IN NUTRITION	10.3389/fnut.2026.1699384	Effects of intermittent fasting on HbA1c and weight in insulin versus oral hypoglycemic therapy-treated patients with type 2 diabetes mellitus: a systematic review and meta-analysis	exclude: review/editorial/opinion
476	new		lean+drug	2026	JOUR	Zhou, C	FRONTIERS IN NUTRITION	10.3389/fnut.2026.1792390	Mediterranean diet with high-phenolic EVOO slows kidney function decline and reduces inflammation in nondialysis CKD: a meta-analysis	exclude: population/indication outside scope or post-surgical
477	new		lean+drug+rct	2018	JOUR	Tsurutani, Y	DIABETES OBESITY & METABOLISM	10.1111/dom.13421	Comparative study of the effects of ipragliflozin and sitagliptin on multiple metabolic variables in Japanese patients with type 2 diabetes: A multicentre, randomized, prospective, open-label, active-controlled study	exclude: DPP-4 inhibitor
478	new		lean+drug+rct	2026	JOUR	Ganguly, NK	ADVANCES IN THERAPY	10.1007/s12325-026-03577-5	Reconsidering Obesity in India Through a Gut-Metabolic Lens: Mechanistic Insights and the Emerging Role of Synbiotics in Individuals with the Thin-Fat Phenotype	exclude: review/editorial/opinion
479	new		lean+drug+rct	2023	JOUR	Lim, S	NUTRIENTS	10.3390/nu15010248	Effects of Initial Combinations of Gemigliptin Plus Metformin Compared with Glimepiride Plus Metformin on Gut Microbiota and Glucose Regulation in Obese Patients with Type 2 Diabetes: The INTESTINE Study	exclude: DPP-4 inhibitor
